CD63,PanEV,EpCAM,CD9,SDC1,EGFR,PDL1,MET,CD81,HER2,ADAM10,CTSH
8.433961868,34.56603622,7.603773594,118.1320724,33,45.83018875,81.86792755,62.84905624,73.03773499,133.320755,71.62264252,72.01886749
57.84615326,436.9230652,15.07692337,600.8461304,71.61538696,211.8076935,204.615387,55.23077011,53.69230652,117.8076935,53,59
55.48387146,1340.161255,29.77419281,23.67741966,11.03225803,13.77419376,19.8064518,25.09677505,17.96774101,20.87096786,36.83871078,15.74193573
14.71428585,262.8571472,12.76190472,22,14.19047642,16.95238113,19.5714283,22.19047546,14,17.80952454,34.8571434,15.95238113
13.83333302,530.25,6.291666508,32.33333206,38.29166794,21.33333397,31.375,38.33333206,20.5,32.33333206,53.79166794,17.08333397
43.39473724,67.55263519,6.289473534,53,22.7368412,17.36842155,41.0263176,21.7631588,17.68420982,28.02631569,96.18421173,13.76315784
11.76315784,315.5263062,9.078947067,38.28947449,25.02631569,15.71052647,33.81578827,18.65789413,15.65789509,31.18420982,24.78947449,16.15789413
37.2857132,414.8928528,10.9285717,49.8928566,29.7857151,17.2857151,51.5357132,51.6071434,17.0357151,30.3571434,48,18.1071434
47.53845978,42.73077011,9.42307663,34.42307663,16.38461494,16.34615326,19.88461494,20.15384674,10.84615421,24.53846169,32.11538315,15.15384579
12.6896553,301.4482727,4.241379261,26.03448296,15,18.89655113,27.6896553,34.06896591,22.82758713,18.93103409,32,16.3103447
44.09523773,50.23809433,7.714285851,45.52381134,25.2857151,13.76190472,48.1428566,39.19047546,16.1428566,34.09523773,31.1428566,16.38095284
6.642857075,40.1428566,6.821428776,18.7857151,14.03571415,14.8214283,21.9642849,52.3571434,123.2142868,21.3928566,32.92856979,30.3571434
21.80769157,398.0384521,26.53846169,54.53845978,23.03846169,43.53845978,62.88461685,36.42307663,57.42307663,35.69230652,49.15384674,22.11538506
8.615385056,355.9615479,11.57692337,15.07692337,19.42307663,15.61538506,12.61538506,20.53846169,16.92307663,18.07692337,54.80769348,20.61538506
38,34.26922989,28.30769157,36.61538315,18.69230843,40.42307663,38.23077011,30.57692337,25.69230843,32.80769348,37.19230652,32.73077011
35.84615326,704.5,30,119.5384598,38.38461685,64.57691956,94.96154022,61.96154022,55.34615326,82.5,57.19230652,43.30769348
5.076922894,244.6923065,4.653846264,10.53846169,20.03846169,12.57692337,11.80769253,12.65384579,15.46153831,25.03846169,32.61538315,16.15384674
11.65384579,210.6538391,12.80769253,41.5,15.88461494,24.53846169,37.88461685,25.88461494,21.23077011,31,36.07692337,15.80769253
18.9642849,391.0357056,14.89285755,63.75,22.75,34.2857132,54.2142868,18.6428566,29.6428566,57.4642868,31.5357151,37.75
16.30769157,90.61538696,9.153845787,50.53845978,24.65384674,18.30769157,70.15384674,29.88461494,30.34615326,39.84615326,29.65384674,17.42307663
24.60869598,379.4782715,7.304347992,75.30434418,38.17391205,19.30434799,70,42.95652008,37.95652008,41.82608795,40,24.17391396
15.15999985,378.7999878,10.96000004,40.31999969,16.60000038,17.84000015,29.23999977,31.71999931,19.20000076,30.76000023,32.84000015,20.23999977
7.121212006,529.3030396,7.727272511,25.75757599,23.84848404,15.939394,30.33333397,51.60606003,24.36363602,15.87878799,28,14.48484802
6.960000038,339.9599915,6.079999924,13.11999989,21.31999969,8.760000229,15.27999973,45.36000061,12.15999985,12.23999977,42.08000183,13
7.333333492,624,9.481481552,33.85185242,41.59259415,16.77777863,19.9629631,34.37036896,20.29629707,26,47.74074173,16.77777863
17.79310417,483.241394,5.344827652,44.37931061,19.34482765,14.41379356,36.96551895,21.37931061,23,29.82758713,39.65517426,17.24137878
8,38.8571434,4.392857075,196.9642792,24.75,68.0357132,110.4642868,36.3571434,44.7857132,124.1071396,41.4642868,40.17856979
37.36363602,199.9393921,7,87.1818161,31.78787804,12.39393902,68.33333588,55.96969604,13.81818199,37.78787994,37.45454407,18
45.65517426,81.75862122,13.27586174,54.3103447,18.13793182,16.06896591,25.24137878,27.96551704,14.65517235,34.62068939,24.55172348,13.65517235
5.964285851,58.17856979,4.892857075,9.928571701,94.25,7.857142925,15.21428585,179.5,16.0714283,21.2142849,123.0714264,14
9.5,318.9583435,9.541666985,22.91666603,18.58333397,14.29166698,26.79166603,34.95833206,13.625,16.79166603,56.25,9.583333015
20.86363602,279.0909119,11.409091,47.54545593,16.59090996,11.95454502,28.40909004,21.22727203,20.27272797,28.27272797,27.45454597,19
10.03571415,417.6071472,6.678571224,30.3571434,32.6071434,18,11.1785717,25.1428566,12.03571415,15.5,24.5,13.53571415
4.866666794,35.13333511,4.133333206,9.899999619,25.86666679,13.73333359,18.76666641,87.03333282,15.39999962,14.19999981,75.6333313,13.13333321
79.38710022,1287.290283,50.16128922,162.2580719,54.96774292,73.83870697,139.9354858,82.74193573,69.25806427,131.0967712,63.06451797,68.67742157
6.870967865,959.2580566,5.483870983,15.2903223,19.48387146,15.38709641,21.22580719,18.93548393,15.54838753,19.61290359,27.16129112,15.93548393
8.178571701,348.4642944,6.035714149,16.5714283,11.39285755,13.89285755,14.28571415,21.75,13.0714283,11.5,23.8928566,18.6071434
8.434782982,277.3043518,5.86956501,14.60869598,22.26086998,9.695652008,11.78260899,30.30434799,13.52173901,15.78260899,52.34782791,16.86956596
13.84000015,320.4400024,6.920000076,35.40000153,30.23999977,23,35.68000031,31.44000053,23.60000038,33.84000015,37.63999939,22.95999908
43.16666794,147.8333282,11.41666698,65,25.54166603,16.95833397,53.79166794,28.25,23.25,25.58333397,20.625,18.20833397
11.51724148,371.8275757,6.310344696,47.6896553,26.20689583,11.27586174,29.62068939,27.6896553,18.51724052,30.75862122,26.48275948,18.75862122
22.40909004,262.3636475,12.81818199,41.86363602,26.5,25.77272797,51.59090805,46.54545593,28.72727203,32.09090805,40.36363602,16.40909004
7.111111164,478.6666565,11.33333302,18.70370293,14.62963009,19.40740776,19.9629631,23.81481552,16.48148155,27.55555534,28.77777863,19.62962914
12.44444466,296,12.66666698,22.44444466,32.81481552,22.88888931,32.62963104,32.55555725,25.85185242,25.07407379,41.37036896,18.59259224
64.80000305,245.5599976,9.920000076,70.59999847,30.15999985,16.71999931,45.68000031,29.60000038,13.64000034,37.56000137,50.95999908,17.95999908
399.75,591.53125,25.40625,422.03125,28.625,42.25,217.65625,37,27.53125,160.9375,52.09375,36
28.95999908,430.0400085,12.27999973,73.87999725,20.92000008,37.36000061,88.68000031,49.56000137,28.95999908,60.88000107,45.84000015,22.31999969
29.31999969,485.7200012,23.04000092,46.43999863,17.76000023,31.28000069,54.75999832,36.08000183,31.12000084,42.88000107,62.24000168,26.71999931
35.25925827,593.2592773,16.48148155,13.74074078,10.14814854,7.814815044,14.55555534,12.51851845,9.70370388,17.18518448,16.66666603,12.81481457
14.60714245,417.2857056,6,29.7142849,24.0714283,12.6785717,35.75,16.9642849,17.7857151,37.3928566,21.5,14.9285717
10.84000015,361.519989,17.95999908,34.04000092,36.24000168,34.56000137,15.52000046,20.28000069,16.20000076,15.88000011,41.43999863,15.47999954
8.952381134,261.5238037,6.095238209,18.8571434,25.23809433,16.33333397,16.38095284,33.33333206,12.47619057,14.66666698,34.33333206,13.61904716
23.60000038,297.6666565,18.36666679,79.33333588,22.16666603,39.96666718,77.90000153,29.63333321,42.13333511,53.36666489,34.93333435,31.39999962
21.6785717,321.9285583,15.21428585,43.3928566,15,17.4285717,32.2142868,20.5714283,23.2857151,31.5714283,19.9285717,21.6071434
27.34482765,2335.689697,16.62068939,99.82758331,55.89655304,59.37931061,89.58620453,64.41379547,56.06896591,78.44827271,64.68965149,52.17241287
7.071428776,135.3214264,3.464285612,95.5357132,41.07143021,29.5,142.8571472,51.32143021,78.57142639,94.07142639,60.8928566,36.5357132
9.166666985,47.625,5.125,8.375,57.20833206,12.95833302,13.70833302,81.54166412,9.458333015,11.08333302,55.125,12.08333302
11.30000019,364.7000122,14.73333359,30.76666641,31.26666641,30.06666756,19.63333321,64.5,28.13333321,25.60000038,44.09999847,21.63333321
49.17856979,138.1785736,5.428571224,17.2857151,10.9285717,14.71428585,21.9285717,17.5357151,16.9642849,15.8214283,15.21428585,13.0714283
14.82758617,280.6551819,8.72413826,43.62068939,28.34482765,16.27586174,73.27586365,41.34482574,22.24137878,34.82758713,47.58620834,14.3103447
14.58620644,253.7931061,10.75862026,54.44827652,13.89655209,23.3103447,63,21.3103447,35.20689774,46.6896553,20.3103447,21.65517235
15.78260899,414.6521606,9.478260994,40.69565201,24.13043404,22.17391396,28.652174,42.43478394,24.13043404,30.43478203,49.17391205,25.17391396
11.16666698,378.2333374,7.366666794,20.66666603,13.26666641,10.66666698,19.26666641,18.76666641,14.16666698,13.13333321,25.86666679,12.53333378
32.06666565,480.1333313,34.73333359,66.76667023,58.70000076,46.26666641,56.20000076,90.09999847,34.46666718,37.43333435,65.09999847,36
27.43478203,893.6521606,27.652174,25,25.56521797,12.30434799,25.347826,38.86956406,17.43478203,18.56521797,45.17391205,15.73913002
20.31818199,802.5908813,26.18181801,54.45454407,39.27272797,31.68181801,56.95454407,44.5,37.54545593,68.22727203,66.86363983,38.90909195
23.86666679,311.7000122,10.10000038,113.8333359,25.39999962,37.46666718,97.3666687,48.23333359,43.29999924,83.46666718,35.13333511,31.36666679
7.461538315,295.2307739,9.230769157,21.65384674,21.42307663,13.80769253,21.80769157,27.34615326,23.23077011,20.57692337,16.11538506,17.73077011
26.26666641,331.5666809,15.69999981,88.40000153,32.70000076,31.13333321,84.06666565,47.36666489,36.26666641,68.40000153,59.23333359,45.23333359
19.67741966,494.8387146,11.83870983,76.93548584,25.77419281,28.45161247,76.4193573,34.58064651,34,92.16129303,45.90322495,41.06451797
10,335.9629517,13.37036991,25.29629707,24.88888931,13.74074078,26.77777863,27.48148155,16.18518448,20.55555534,24.81481552,16.18518448
30.3928566,575.6785889,39.7142868,80.82142639,25.7142849,45.82143021,69.5357132,56.2142868,44.07143021,35.1071434,44.57143021,22
6.538461685,693.4230957,7.346153736,11.88461494,15.96153831,12.38461494,12.15384579,16.57692337,15.88461494,12.5,29.42307663,11.76923084
14.36363602,462.1818237,11.45454502,42.36363602,20.57575798,17.03030396,39.63636398,25.90909004,21.09090996,33.78787994,13.84848499,15.60606098
30.59259224,603.333313,10.85185146,94.77777863,26.92592621,32.48147964,78.37036896,54.51852036,35.88888931,62.9629631,57.51852036,28.14814758
5.734939575,43.33734894,7.277108669,11.28915691,30.79518127,14.34939766,14.53012085,31.79518127,14.30120468,19.66265106,3601.240967,15.32530117
20.69565201,309.1739197,11.86956501,81.91304016,23.347826,30.60869598,81.69565582,39.69565201,39.30434799,87.21739197,102.0869598,39.95652008
4.941176414,647.7058716,6.470588207,10.0882349,9.823529243,16.44117737,15.4117651,14,12.88235283,12.29411793,23.35294151,14.35294151
14.80000019,278.9599915,19.95999908,20.07999992,30.84000015,21.44000053,22.36000061,23.15999985,16.15999985,16.71999931,32.15999985,19.28000069
20.91304398,277.9130554,14.95652199,35.56521606,16,17.95652199,35.56521606,23.13043404,21.52173996,18.347826,38.04347992,20.30434799
16.76922989,769.3076782,19.42307663,78.15384674,43.76922989,44.38461685,84.03845978,41.5,46.07692337,77.57691956,49.5,45.15384674
19.09523773,263.5238037,12.14285755,30.19047546,20.23809433,21.23809433,20.90476227,30.80952454,13.09523773,19.5714283,30.61904716,18.61904716
16.75,396.1666565,17.33333397,82.16666412,44,42.29166794,79.25,55.66666794,48.08333206,66.41666412,91.375,39.16666794
11.23809528,438.2380981,15.52380943,20.80952454,27.5714283,34.7142868,23.09523773,28.8571434,18.5714283,21.09523773,40.04761887,19.95238113
9.629630089,100.5185165,7.962963104,66.55555725,40.14814758,24.66666603,70.70370483,52.40740585,33.40740585,64.37036896,87.96295929,32.81481552
7.25,655.6071167,6.357142925,9.392857552,17.6428566,8.714285851,11.46428585,21.2142849,15.3214283,12.25,22.0357151,13.60714245
25.66666603,1096.925903,32.88888931,99.51851654,36.70370483,46.25925827,87.74073792,48.85185242,31.66666603,89.96295929,51.22222137,36.62963104
32.23077011,295.7692261,21.19230843,86.30769348,27.53846169,35.34615326,72.7692337,38.38461685,30.65384674,67.84615326,29.46153831,34.42307663
17.45714378,393.342865,17.65714264,77.22856903,29.20000076,54.65714264,79.14286041,43.48571396,46.77142715,71.91428375,57.82857132,49.59999847
8.407407761,463.9629517,14.29629612,32.48147964,24.22222137,16.44444466,19.44444466,23.37037086,11.48148155,26.59259224,23.40740776,11.70370388
4.25,412.3928528,5.357142925,15.96428585,22.6785717,8.464285851,14.35714245,19.8928566,9.535714149,12.71428585,29.8928566,15
13.10714245,453.5714417,9.714285851,35.2857132,37.2142868,11.35714245,26.4642849,33.1428566,17.9642849,20.1071434,36.7857132,11.96428585
23.79999924,403.6333313,16.26666641,90.66666412,20.79999924,53.86666489,86.93333435,30.63333321,44.63333511,71.23332977,41.66666794,57.70000076
18.78260803,364.1739197,15.86956501,27.17391396,31.56521797,18.04347801,16.47826004,22.52173996,13.73913002,12.30434799,30.04347801,18.347826
20.11538506,278.615387,5.346153736,51,28.38461494,16.11538506,37.73077011,29.38461494,20.34615326,26.26922989,25.5,14.07692337
12.30303001,803.3636475,6.575757504,11.72727299,23.60606003,13.39393902,18.51515198,26.27272797,17.24242401,13.27272701,18.75757599,12.060606
22.52173996,372.6087036,16.52173996,36.47826004,27.82608604,15.47826099,24.43478203,22.47826004,12.04347801,13.43478298,41.52173996,15.04347801
7.884615421,281.7692261,9.5,11.57692337,27.11538506,9.307692528,13.53846169,14.88461494,13.92307663,14.46153831,28.11538506,16
26.07407379,291.5185242,6.629629612,36.07407379,12.77777767,13,25.11111069,21.77777863,12.70370388,23.81481552,35.29629517,12.59259224
6.536585331,36.24390411,5.951219559,10.90243912,170,9.60975647,9.829268456,125.7317047,11.80487823,23.60975647,101.5609741,15.29268265
13.71428585,302.1071472,20.5357151,36.3571434,24.1428566,25,44.32143021,21.7142849,28.3214283,31.3571434,30.3571434,25.0357151
12.44827557,627.4827881,11.20689678,13.17241383,22.13793182,14.93103409,14.37931061,20.37931061,14.79310322,15.62068939,28,10.17241383
22.7857151,285.8571472,14.03571415,68.07142639,18.25,24.1071434,64.75,29.0714283,29.0357151,46.25,34.42856979,24.3214283
4.837209225,39.09302139,4.04651165,14.3720932,17.6976738,13.4418602,12.58139515,18.5813961,72.3953476,13.39534855,26.6511631,42.4883728
18.48387146,313.9032288,8.161290169,38.64516068,40.32258224,15.77419376,39.19355011,41.35483932,18.03225899,29.48387146,46.03225708,18.58064461
20.75,666.3250122,24.375,90.25,37.40000153,46.04999924,78.47499847,53.79999924,47.09999847,81.69999695,73.875,46.67499924
12.81818199,373.6060486,8.636363983,33.66666794,26.75757599,24.72727203,29.57575798,31.03030396,18.45454597,37.78787994,34.30303192,22.24242401
12.18518543,294.4074097,7.629629612,73.07407379,31.29629707,22.51851845,81.85185242,33.55555725,24.9629631,75.74073792,41.14814758,39.66666794
31.44827652,602.0689697,14.96551704,85.13793182,15.37931061,38.72413635,76.31034851,41.96551895,31.58620644,74.65517426,52.62068939,37.37931061
13.9629631,312.7407532,6.14814806,34.22222137,21.88888931,14.07407379,24.25926018,31.92592621,13.74074078,25.70370293,41.88888931,15.18518543
6.75,301.2142944,6.107142925,13.71428585,27.5714283,11.6785717,14.1785717,23.25,10.1785717,15.46428585,27.6785717,18.5714283
12.8125,345.1875,6.1875,16.625,16.375,12.1875,14.03125,15.25,15.0625,11.90625,35.625,13.25
24.77777863,405.777771,6.370370388,35.66666794,22.14814758,15,22.66666603,35.22222137,14.37036991,21.33333397,45.92592621,10.51851845
15.64285755,257.5714417,13.4285717,38,29.7142849,19.9285717,26.4285717,26.9285717,11.9285717,26.7857151,25.8571434,15.71428585
3.440000057,37.11999893,5.679999828,12.72000027,31.76000023,13.11999989,15.60000038,75.04000092,18.15999985,14.52000046,41.24000168,14.64000034
28.87999916,581.039978,29.39999962,109.0400009,30.07999992,62.47999954,87.12000275,43.15999985,36.72000122,77.59999847,31.87999916,43.52000046
30.3571434,227.8571472,8.357142448,66.85713959,20.9285717,22.8571434,24.1428566,21.2142849,17.6428566,25.1428566,39.2857132,15.85714245
34.13333511,200.8000031,23.46666718,33.93333435,18.33333397,31.20000076,17.06666756,14.33333302,16.26666641,13.86666679,19.26666641,14.13333321
4.5,38.08333206,4.583333492,11.25,96.33333588,12.16666698,18.91666603,81.58333588,18,16,80.08333588,11.5
9.285714149,299.4761963,7.285714149,27.95238113,20.61904716,12.28571415,27.8571434,32.66666794,13.90476227,22.09523773,36.90476227,14.95238113
44.21052551,90.10526276,5.052631378,66.78947449,33.31578827,13.21052647,46.78947449,57.42105103,17.84210587,31.68420982,45.21052551,10.73684216
33,398.9411621,13.23529434,90.05882263,49.94117737,40.52941132,63,53.88235474,25.11764717,37.94117737,39.82352829,23
10.41666698,247.75,6.5,19.25,21.83333397,17.41666603,19.83333397,17.5,15.08333302,15.58333302,24.08333397,16.91666603
14.73333359,285.9333191,14.66666698,44.13333511,21.39999962,17.33333397,23.13333321,21.60000038,17.39999962,27.86666679,19.53333282,25.60000038
4.066666603,250.6000061,9.866666794,17.60000038,19.26666641,11.26666641,22,29.79999924,13.39999962,16.20000076,40.13333511,21.66666603
30,75.5,5.625,48.125,19.375,15,48.875,26.9375,13.0625,21.4375,29.5,18.4375
41.11764526,171.9411774,8.823529243,64.70587921,22.8235302,13.47058868,40.23529434,24.88235283,16.29411697,22.1764698,37.11764526,18.41176414
17.53333282,167.4666595,17.46666718,24.20000076,30.39999962,35.59999847,26.33333397,31.13333321,24.26666641,25.60000038,33.33333206,24.66666603
14.39999962,169.6000061,10,46.40000153,14.69999981,11,36.29999924,16.20000076,23.60000038,22.20000076,29.79999924,24.10000038
8.649999619,121.8499985,4.300000191,15.69999981,41.20000076,11.14999962,20.5,79.5,60.04999924,14.75,44.54999924,17.45000076
4.636363506,319.6818237,4.863636494,12.86363602,13.22727299,9.909090996,12.18181801,33.95454407,21.72727203,21.18181801,41.59090805,17
16.10526276,223.1052704,8.947368622,65.89473724,21.68420982,27.63157845,44.4736824,25.89473724,33.26315689,48.68421173,45.63158035,26.05263138
6.222222328,230.777771,5.888888836,16.88888931,18.66666603,18.33333397,17.77777863,26,13.44444466,13.55555534,50.11111069,17.88888931
17.36363602,343.3181763,9.136363983,40.27272797,24.04545403,24.36363602,37.59090805,32.59090805,23.09090996,42.86363602,25.40909004,27.90909004
17.54999924,293.5,8.050000191,28.35000038,30.20000076,13.69999981,35.25,36.84999847,12.35000038,23.70000076,46.65000153,16.10000038
30.94736862,187.3157959,13.57894707,77.05263519,33.05263138,23.10526276,72.21052551,41.15789413,23.52631569,47.68421173,40.57894897,20.78947449
3.923076868,260.7692261,4.923077106,10.69230747,20.38461494,9.846154213,15.61538506,27.76922989,9.692307472,12.76923084,43.69230652,11.61538506
8.842104912,256.9473572,6.157894611,12.26315784,17.89473724,10.10526276,15.26315784,27.2631588,11.68421078,18.10526276,36.5263176,10.94736862
14.72222233,235.1111145,5.833333492,40,26.83333397,19.22222137,27.33333397,31.16666603,20.72222137,24.77777863,42.05555725,19
10.23076916,224.3076935,9.07692337,42.92307663,37.30769348,9.07692337,24.92307663,36.38461685,19.30769157,15.46153831,46.61538315,14.30769253
7.722222328,317.055542,5.111111164,33.11111069,11.72222233,16.77777863,16.44444466,28.88888931,14.88888931,19.55555534,25.11111069,14.44444466
7.272727489,261.0909119,4.272727489,14,28.54545403,3.636363745,15.72727299,18.72727203,17,14.45454502,24.27272797,19.63636398
57.72727203,97.8181839,3.363636255,95.09091187,37.36363602,11.27272701,52.36363602,41.54545593,14.81818199,14.81818199,36.81818008,17.36363602
10.66666698,154.6666718,12.33333302,61.33333206,36.41666794,18.08333397,46.41666794,24.91666603,32.83333206,36,51.16666794,21.16666603
35.66666794,296.5,18.05555534,57.61111069,17.11111069,31.77777863,8.388889313,13.61111069,15.5,13.5,20.61111069,8.944444656
18.52631569,283.0526428,10.10526276,33.5263176,24.2631588,14.31578922,18.78947449,25.68420982,14.3684206,28,41.78947449,16.10526276
8.095237732,242.5714264,8.619047165,20.95238113,24.33333397,12.52380943,16.61904716,19,11.61904716,12.61904716,22.76190567,13.80952358
8.300000191,38.70000076,5.900000095,88,31.70000076,23.5,64,47.40000153,27,33,14.19999981,17.10000038
48.72222137,1680.611084,20.38888931,155.777771,47.55555725,37.05555725,104.5,50.83333206,49.88888931,49.88888931,35.88888931,28.94444466
45.66666794,142.8333282,3.083333254,28.5,31.25,9.083333015,10.66666698,33.58333206,14.08333302,14.25,24.66666603,16
18.2142849,235.5714264,16.8571434,54.92856979,23.4285717,29.1428566,48.2142868,42,31.4285717,37.2142868,27.5,26.5714283
5.733333111,285.3999939,8.733333588,22.46666718,34.40000153,16.46666718,21.39999962,26.79999924,17.26666641,18.20000076,40.93333435,20.46666718
9.050000191,738.5499878,15.30000019,19.20000076,15.60000038,20.64999962,10.89999962,20.95000076,17.14999962,15.89999962,35.59999847,14.30000019
21.77272797,329.0909119,7.909090996,29.59090996,32.18181992,15.81818199,31.40909004,26.18181801,15.36363602,24.81818199,35.04545593,15.95454502
26.54545403,216.6363678,8.454545021,45.18181992,25.63636398,21.81818199,35,24.81818199,15.909091,24.18181801,50.09090805,16.54545403
26.5,184.0909119,28.04545403,64.1818161,18.09090996,45.04545593,54.13636398,40.77272797,36.95454407,77.59091187,35.45454407,57.54545593
9.315789223,339.2105408,10.73684216,15.21052647,20.52631569,15.78947353,14.10526276,17.2631588,11.05263138,9.315789223,42.10526276,17.2631588
30.2631588,201.6842041,4.473684311,41.42105103,19.57894707,10.31578922,34.94736862,24.84210587,16,21.78947449,40.68421173,12.6315794
47.63158035,153,8,76.78947449,32.68421173,18.84210587,67.26316071,34.73684311,25.15789413,39.68421173,37.15789413,21.89473724
19.2142849,262.7142944,7.142857075,16.1428566,21.1428566,11.85714245,20.4285717,23.5714283,17.4285717,15.64285755,31.6428566,12.14285755
22.76922989,182.0769196,3.846153736,58.15384674,20.84615326,15.07692337,48.15384674,36.07692337,13.46153831,22.30769157,31.84615326,24.92307663
9.680000305,401.9200134,4.039999962,15.39999962,19.87999916,11.31999969,17.44000053,26.15999985,9.479999542,20.44000053,22.20000076,12.64000034
30.95000076,297.75,11.55000019,65.15000153,25.29999924,25.39999962,47.79999924,28.79999924,23.35000038,41.90000153,30.75,28.64999962
17.38461494,205.615387,13,30.07692337,28.76922989,15.30769253,27.84615326,14.69230747,23.76922989,12.92307663,17.30769157,18.69230843
25.72727203,161.6363678,5.272727489,47.81818008,19.90909004,13.81818199,37.45454407,25.81818199,13.54545498,27.90909004,33.63636398,15.27272701
15.29411793,263.1176453,10.47058868,37.05882263,33.64706039,18.11764717,34,33,17.88235283,27.23529434,46.23529434,19.35294151
30.04347801,386.8260803,30.69565201,84.21739197,28.347826,40.82608795,59.47826004,24.82608604,39.56521606,41.78260803,28,33.47826004
6.857142925,50.23809433,5.333333492,13.66666698,73.2857132,12.4285717,12.14285755,95.14286041,11.80952358,13.04761887,59.52381134,13.71428585
14.4375,241.3125,24.375,41.75,22.1875,25,44.3125,21.5625,25.5,30.375,30.3125,23.5625
37.13333511,129.2666626,6,61.59999847,39.06666565,14.80000019,54.26666641,14.73333359,35.20000076,20.66666603,25.06666756,17.66666603
4.647058964,42.05882263,6.529411793,9.470588684,38.11764526,7.764705658,16.23529434,90.52941132,12.35294151,18.47058868,57.23529434,20.29411697
23.64705849,267.3529358,13,33.76470566,13.35294151,12.4117651,29.05882263,21.1764698,12.23529434,21.23529434,24.88235283,18.23529434
18,244.1999969,6.349999905,41.20000076,28.89999962,18.85000038,23.35000038,35.04999924,22.20000076,28.14999962,35.54999924,14.44999981
20.347826,319.9130554,12.173913,44.91304398,18.56521797,13.826087,24.60869598,15.78260899,13.69565201,18.91304398,21.52173996,18.652174
10.30000019,236,21.60000038,23.79999924,20.70000076,13.10000038,11.30000019,19.79999924,17.5,18.39999962,25.70000076,10.69999981
32.88461685,597.1923218,31.76922989,49.80769348,29.30769157,45.34615326,59.11538315,44.73077011,43.42307663,42.07692337,60.26922989,35.88461685
13.94736862,305.9473572,6.578947544,25.42105293,13.84210491,13.78947353,25.94736862,31,14.15789509,22.10526276,41.10526276,21.15789413
5.214285851,281.7142944,6.5,10.21428585,23,6.642857075,13.71428585,22.2142849,14.85714245,9.5,20.4285717,14.14285755
14.53333378,390.0666809,22.46666718,64,23.79999924,64.40000153,72.33333588,53.73333359,38.20000076,30.39999962,61.40000153,37.53333282
26.39999962,192.8999939,11.89999962,43.5,28.29999924,21,22.60000038,33.09999847,15,23.60000038,29.29999924,16.60000038
37.76922989,1408.461548,15.15384579,93.61538696,30.15384674,34.61538315,87.61538696,44.07692337,42.84615326,73.15384674,48.23077011,30.61538506
20.6875,150.3125,7.125,59.25,15.5625,24.625,37.0625,28.8125,31.375,31.125,22.4375,17.875
16.94444466,263.8333435,7.388888836,47.94444275,36.27777863,11.5,34.72222137,28.72222137,15.22222233,24.11111069,42.77777863,13.5
22.77272797,206.8636322,19.40909004,72.5,31.63636398,49.68181992,68.13636017,29.45454597,28.13636398,30.68181801,32.09090805,25.40909004
17.26666641,177.1333313,35.20000076,50.40000153,17.86666679,37.59999847,32.20000076,21.66666603,24.60000038,29.79999924,34.40000153,24.39999962
2.333333254,284.9333191,4.599999905,20.46666718,19.60000038,12.46666622,21.60000038,22,15.60000038,18.39999962,35.13333511,11.9333334
73.83333588,81.66666412,8.75,124.0833359,30.83333397,19.41666603,128.25,32.91666794,16.25,51.91666794,29.08333397,17.16666603
5,320.1875,14.875,10.125,24,20.4375,13.3125,26.5625,20.4375,17,39.5,16
22.39999962,283.5499878,15.19999981,37.25,15.39999962,20.89999962,26.64999962,17.79999924,23.35000038,22.35000038,32.04999924,12.19999981
19.11764717,181.1764679,9.764705658,47.35293961,17.41176414,19.47058868,36.70588303,23.29411697,20.76470566,30.76470566,18.64705849,20.11764717
30.91666603,148.0833282,6.583333492,57.66666794,37.66666794,19.83333397,40.25,44.58333206,19.16666603,31.16666603,32.58333206,21.91666603
12.36363602,252.6363678,12.909091,29.63636398,18.36363602,17.36363602,20.72727203,18.36363602,17.81818199,36.90909195,44.18181992,25.45454597
33.05263138,261.8947449,22.68420982,69.52631378,22,30.89473724,60.4736824,29.36842155,37.21052551,54.89473724,28.84210587,30.63157845
10.173913,445.3043518,14.69565201,31.56521797,22.43478203,32.04347992,33.04347992,43.78260803,28.91304398,25.30434799,13.86956501,25.73913002
37.94736862,360.3684082,19.78947449,70.21052551,22.63157845,24.36842155,47.26315689,22.94736862,25.63157845,34.42105103,28.47368431,21.36842155
6.142857075,268,4,8.214285851,33.92856979,9.357142448,21.6428566,26.7142849,11.4285717,22.4285717,35.7857132,9.142857552
24.47368431,216.9473724,15.21052647,42.05263138,28.84210587,21.78947449,39.15789413,14.78947353,22.57894707,23.42105293,16.10526276,20.47368431
7.066666603,262.7999878,10.13333321,14.0666666,33.33333206,11.80000019,11.86666679,34,9.866666794,14.26666641,44.59999847,15.33333302
19,237.2727203,7.727272511,26.36363602,20.63636398,11.45454502,23,19.09090996,17,16.63636398,38.54545593,16.18181801
23.57894707,273.2631531,11.42105293,97.05263519,35.68421173,38.94736862,78.36842346,78.63157654,42.05263138,53,56.68421173,26.52631569
6.181818008,44.72727203,6.727272511,118,20.36363602,36.63636398,86.8181839,25.54545403,30,42.81818008,47.54545593,20.36363602
5.764705658,289.4117737,6.352941036,11.52941132,27.8235302,12.17647076,11.4117651,31.70588303,9.235294342,10,43,12.76470566
45.13043594,167.7391357,12.30434799,71.78260803,24.91304398,23.78260803,64.6521759,37.13043594,25.39130402,47.30434799,61.52173996,22.60869598
30.32258034,300.4838562,29.83870888,128.4516144,28.64516068,79.25806427,81.96774292,63.93548203,67.77419281,101.1290359,50.90322495,72.19355011
10.5,254.5,5.857142925,17.3571434,11.64285755,10.85714245,12.5,19.3571434,12.9285717,16.9285717,17.7857151,14.0714283
15.19999981,132.6000061,7.933333397,67.46666718,33.86666489,31.79999924,46.13333511,16.53333282,29.33333397,44.40000153,32.53333282,23.13333321
4.071428776,466,7.785714149,10.21428585,31.0714283,10.4285717,10.9285717,26.7142849,12.85714245,14.35714245,34.92856979,11.21428585
45,361.7999878,12.5,115.0999985,31.79999924,22.39999962,100.5999985,67.59999847,28.39999962,62,54.79999924,25.29999924
18.73077011,602.7692261,10.84615421,37.5,56.46154022,18.76922989,44.38461685,64.03845978,25.42307663,36.57692337,43.84615326,30
11.76470566,315.0588379,11.4117651,25.94117737,33.82352829,24.64705849,21.23529434,28.52941132,19.29411697,19.29411697,48.88235474,20.88235283
13.68181801,400,8.545454979,38.59090805,22.45454597,26.77272797,48.40909195,44,56.27272797,33.40909195,36.72727203,33.95454407
38.1428566,52.7142868,4.5,38.7857132,15.5,13.5714283,51.07143021,30.7142849,14.14285755,25.7857151,21.0714283,15.9285717
30.94117737,190.5882416,32.58823395,76.47058868,26.41176414,44.70588303,65.05882263,47.05882263,36.82352829,47.11764526,41.35293961,32
28.31818199,271.1363525,15.5,43.09090805,36.09090805,13.04545498,52.59090805,44.27272797,16.27272797,53.22727203,31.40909004,18.86363602
23.94117737,274.1764832,3.764705896,40.05882263,29,12.23529434,12.52941132,22.58823586,15.23529434,16.23529434,48.64706039,11.11764717
8.789473534,589.4210815,7.473684311,13.84210491,17.2631588,12.94736862,13.3684206,22.10526276,16.89473724,11.26315784,23.42105293,9.105262756
36.29999924,353.8999939,28.20000076,101.5999985,22,29.70000076,68.30000305,30.29999924,30.70000076,101.6999969,58.29999924,49.79999924
3.923076868,238.3076935,6.461538315,14.61538506,32.53845978,12,17.76922989,29.38461494,30.76922989,13.07692337,33.30769348,20.84615326
19.0714283,210.2857208,6.214285851,42,24,11.28571415,25.2857151,28.3571434,14.28571415,22.9285717,25.5,15.28571415
6.599999905,59.79999924,7.599999905,8.133333206,15.0666666,11.39999962,11.53333378,17.66666603,15.80000019,12.86666679,130.6666718,15.33333302
54.6428566,41.07143021,7.285714149,37.7142868,22.3571434,20.3571434,30.1428566,16.3571434,10.21428585,32.1428566,42,16.7142849
32.1428566,140.5238037,11.61904716,56.47618866,23.04761887,26.47619057,53.61904907,32.52381134,20.1428566,32.19047546,28,22.09523773
30.1764698,268.8235168,17.05882263,64.29412079,41.11764526,19.1764698,35.82352829,45.88235474,14.64705849,35.58823395,31,24.05882263
12.53333378,255.8666687,8.066666603,58.66666794,30.13333321,15.46666622,56.13333511,26.53333282,20.73333359,37.20000076,24.93333244,17.13333321
20.9285717,247.0714264,15.35714245,50.2857132,28.6428566,19.4285717,45.1428566,39.07143021,25.2142849,35.57143021,58.2142868,32.57143021
6.473684311,271.9473572,5.736842155,18.05263138,16.15789413,17.7368412,27.42105293,25.89473724,21.57894707,19.36842155,23.2631588,18.57894707
5.736842155,264.3157959,6.157894611,8.736842155,25.94736862,10.68421078,14.6315794,25.94736862,14.21052647,17.42105293,15.31578922,12.68421078
13.89999962,515.7000122,7.199999809,44.70000076,19.29999924,32,40.59999847,44.5,26.20000076,48.90000153,48.09999847,17.10000038
14.52380943,254.0952454,17.2857151,25.95238113,23.19047546,34.47618866,31.4285717,31.47619057,22.8571434,22.47619057,49.38095093,15.5714283
26.76470566,265.2352905,17.41176414,35.88235474,19.58823586,25.05882263,22.70588303,18.41176414,21.29411697,11.4117651,20.88235283,17
6,306.6956482,5.434782505,12.21739101,18.47826004,11.652174,9.608695984,14.43478298,20.47826004,16.52173996,34.69565201,12.652174
7.142857075,309.4761963,5.904761791,11.80952358,14.5714283,12.23809528,16.1428566,25.5714283,12.52380943,14.61904716,30.8571434,16.76190567
7.318181992,282.1818237,5.636363506,27.09090996,36.04545593,16.13636398,18.63636398,22.81818199,12.31818199,13.04545498,31.22727203,15.72727299
38.51852036,2943.222168,18.70370293,10.9629631,18.51851845,12.62963009,15.51851845,27.0370369,17.92592621,11.62963009,24.77777863,16.62962914
17,230.3333282,11.66666698,44.59999847,22.20000076,21.06666756,28.39999962,25.33333397,21.26666641,35.20000076,25.13333321,26.13333321
13.81818199,250.7272797,15,27.81818199,31.90909004,27.63636398,27.36363602,33.81818008,24.09090996,14.45454502,47.54545593,14.72727299
48.40000153,91.69999695,5.599999905,62.5,9.800000191,15.30000019,35.59999847,24.20000076,29.5,32.29999924,16.60000038,22.10000038
5.909090996,274.9090881,7.090909004,7.727272511,26.09090996,5.909090996,16,24,14.909091,15.63636398,29.27272797,13
15.61538506,258.8461609,9.846154213,22.07692337,26.53846169,15.53846169,19.30769157,21.69230843,17.53846169,20.07692337,52,15.38461494
16.66666603,139.6000061,18.06666756,64,29.26666641,50.79999924,63.06666565,33.59999847,41,42.40000153,51.40000153,35.40000153
9,289,5.111111164,12.33333302,20.33333397,6.777777672,15.44444466,28.11111069,13,17.33333397,46,18.77777863
9.600000381,64.40000153,6.866666794,17.60000038,91,13.39999962,12.19999981,83.40000153,13.19999981,14.0666666,66.53333282,11.13333321
32.35293961,214.2352905,16.29411697,42.23529434,20.94117737,22.1764698,38.70588303,17,23.11764717,30.23529434,35.05882263,23.76470566
19.33333397,207.5925903,18.11111069,35.22222137,21.66666603,22.33333397,36.85185242,31.59259224,21.77777863,25.70370293,20.44444466,23.25926018
9.230769157,263.6923218,6.461538315,60.84615326,31.23077011,21.30769157,21.69230843,46.23077011,16.61538506,28.76922989,50.30769348,23.38461494
17.06666756,68,4.866666794,56.86666489,36.86666489,15.86666679,53.93333435,27.06666756,15,35.13333511,18,23.73333359
29.3125,129,17,49.25,29.0625,20.8125,37.1875,32.875,14.9375,21.4375,28.5625,17.75
20.11111069,259.222229,9,31.88888931,9.666666985,13.77777767,8.444444656,15,20.44444466,28.88888931,36.11111069,23.11111069
5.428571224,74.04762268,5.666666508,13.23809528,14.76190472,9.904762268,14.5714283,15.80952358,14.90476227,13.61904716,140.6190491,14.28571415
6.545454502,247.6363678,6.454545498,13.63636398,23.81818199,12.63636398,19.18181801,13.72727299,13.81818199,10.18181801,38.27272797,11.45454502
5.458333492,406.9583435,6,13.125,19.29166603,15.25,17.875,25.875,16.91666603,12.45833302,36,13.33333302
7.769230843,259.0769348,4.846153736,11.15384579,21.15384674,14.84615421,12.76923084,28.53846169,15.53846169,16.38461494,35.15384674,14.30769253
31.6428566,304,13.85714245,21.2142849,24.8571434,17.3571434,20,35.42856979,21.4285717,15.85714245,30.5,12.35714245
14.70588207,297.5294189,20.47058868,29.11764717,25.41176414,21.05882263,36.23529434,50.11764526,28.47058868,16.76470566,61,16.29411697
22.29411697,206.3529358,15.47058868,55.11764526,13.05882359,14.29411793,51.05882263,29.52941132,17.41176414,34.11764526,32.94117737,15.88235283
24.61538506,556.8461304,17.38461494,98.15384674,20.15384674,35.38461685,59.84615326,41.15384674,26.15384674,57.53845978,28.15384674,27.69230843
22.27272797,200.4545441,28.09090996,55.45454407,33.36363602,41.63636398,44.36363602,39.09090805,29.45454597,30.36363602,63.27272797,33.54545593
5.583333492,271.9166565,3.75,8.333333015,34.58333206,9.666666985,18.91666603,34.33333206,16.58333397,18,36.08333206,11.33333302
6.166666508,37.44444275,8.777777672,161.5,21.38888931,52.11111069,95.44444275,16.27777863,28.61111069,74.77777863,40.33333206,31.05555534
39.45454407,240.2727203,27.54545403,70.09091187,22.09090996,39.36363602,36.09090805,25.54545403,24.18181801,44.72727203,70.54545593,35.36363602
13.94117641,346.5294189,14.29411793,36.05882263,34.41176605,22.29411697,25.05882263,50.23529434,18.23529434,20.1764698,45.76470566,16.29411697
29.60869598,482.7826233,10.652174,21.82608604,17.86956596,17.04347801,17.52173996,26.347826,21.56521797,15.52173901,39.30434799,18.21739197
10.61538506,267.3076782,12.15384579,16.15384674,18.92307663,22.92307663,17.38461494,22.23077011,16.84615326,15.92307663,27.69230843,12.53846169
9.699999809,259.6000061,8.699999809,17.20000076,21,7,11.10000038,20.89999962,13.30000019,15.30000019,29.89999962,11.10000038
29.45454597,168.2727203,7.090909004,39.72727203,22.36363602,11.090909,39.09090805,13.27272701,15.18181801,14.27272701,23.45454597,15.45454502
18.1428566,214.75,12.8214283,45.4642868,27.6071434,24.6428566,46.1071434,38.25,32.32143021,31.7142849,44.42856979,20.6428566
26.90909004,299.5454407,4.636363506,58.54545593,29.09090996,27.90909004,8.090909004,18.54545403,8.363636017,11.72727299,32.63636398,11.090909
6,50.30769348,31.07692337,21.76922989,101.7692337,73.7692337,27.53846169,89,83.92308044,20.76922989,95.53845978,47.69230652
36.05555725,276.1111145,18,67,43.44444275,34.5,55.22222137,48,36.72222137,52.94444275,71.66666412,29.11111069
15.86956501,590.2608643,12.26086998,50.86956406,16.86956596,17.47826004,11.173913,27.69565201,16.04347801,14.78260899,15.52173901,14.52173901
30.57894707,150.6842041,13.31578922,55.4736824,26.84210587,15,43.10526276,29.84210587,18.68420982,32.10526276,49.10526276,13.26315784
15.5714283,436.1428528,12.38095284,20.09523773,28.8571434,15.23809528,21.90476227,45.90476227,25.19047546,18.09523773,39.66666794,16.2857151
12.76190472,579.0952148,15.09523773,30.04761887,20.23809433,23.38095284,15.38095284,23.90476227,10.85714245,26,25.09523773,15.90476227
23.40909004,265.0454407,27.45454597,63.31818008,26.77272797,34.72727203,50.5,36.22727203,33.13636398,51.77272797,46.54545593,38.45454407
4.785714149,282.2857056,5.714285851,13.4285717,15.9285717,20.2857151,14.71428585,19.5714283,18.0714283,16.8571434,34.5,15.14285755
4.4375,347.25,6.9375,26.9375,33.625,18.75,18.0625,31.4375,16,12.625,25.5625,10.5
23,195.3999939,24.20000076,73.40000153,20.13333321,37.06666565,53.53333282,30.86666679,30.33333397,26.73333359,28.53333282,22.26666641
8.942856789,490.657135,7,21.45714378,30.1428566,17.91428566,29.54285622,37.25714111,20.8571434,28.82857132,27.08571434,18.51428604
18.70370293,327.0370483,12.88888931,58.25925827,32.22222137,25.92592621,58.66666794,29.22222137,22.37037086,41.66666794,27.44444466,18.51851845
7.866666794,325.3333435,6.933333397,10.19999981,30.20000076,8.733333588,12.86666679,23,14.66666698,12.33333302,31.73333359,20.53333282
6.461538315,266.7692261,5.538461685,11.61538506,14.30769253,12.46153831,11.76923084,43.30769348,11.69230747,16.92307663,22.61538506,14
33.92856979,261.4285583,10.9285717,34.07143021,13.5,17.5714283,17.7857151,11.85714245,12.4285717,17.7857151,21,16.8571434
16.23077011,276.0769348,15,37.38461685,26.15384674,26.30769157,23.30769157,16,14.38461494,22.15384674,33.46154022,8.769230843
13.60000038,166.5333405,11.73333359,45.66666794,15.39999962,23.33333397,30.73333359,19.66666603,14.33333302,29.60000038,29.06666756,15.19999981
22.68181801,255.6363678,18.72727203,40.68181992,31.59090996,22.18181801,32.95454407,32.5,21.31818199,24.68181801,26.22727203,27.72727203
19.11111069,212.222229,12.88888931,8.444444656,16.66666603,7.777777672,11.33333302,25.66666603,10.66666698,10.22222233,29.66666603,13.88888931
35.94117737,298.3529358,16.94117737,69.94117737,39.41176605,24.05882263,62.70588303,41.05882263,27.29411697,37.64706039,29.8235302,20.41176414
32.0625,157.5,7.8125,65.1875,69.125,19.9375,55.9375,66.25,18.875,43.875,74.4375,16.3125
11.95833302,323.25,14.58333302,19.375,23.29166603,12.25,24.45833397,23.95833397,14.58333302,13.70833302,15.125,11.66666698
13.23529434,324.7058716,6.117647171,16.41176414,30.76470566,15.11764717,13.52941132,27.11764717,8.058823586,9.294117928,28.05882263,7.764705658
37.42856979,219.4285736,36.2142868,63.2857132,25.5714283,49.42856979,55.1428566,30.6428566,46.07143021,41.57143021,35.5,33.8571434
15.5882349,332.2941284,17.94117737,38.23529434,30.47058868,27.29411697,11.64705849,17.70588303,21.35294151,24,50.82352829,17.35294151
18.77777863,254.3888855,11.66666698,26.94444466,19.66666603,15.33333302,21.61111069,22.94444466,17.44444466,18.61111069,32,15.66666698
16.59259224,213.1111145,11.40740776,52.33333206,48.81481552,32,42.55555725,61.22222137,28.07407379,36.92592621,54.88888931,23.0370369
20,499,5.75,66.40000153,16.70000076,13.14999962,37.25,21.60000038,18.89999962,24.70000076,37.84999847,12.60000038
6.266666889,245.6666718,4.599999905,16,17.13333321,11.26666641,20.06666756,28.86666679,14.46666622,8.133333206,35.13333511,10.19999981
35.5,67.83333588,6.916666508,59.08333206,20.5,14.5,43.91666794,38.08333206,18.16666603,14.5,24.25,18.08333397
16.04999924,284.2999878,4.900000095,24.35000038,19.35000038,16.10000038,25.39999962,24.5,20.89999962,15,31.5,12.19999981
17.6071434,265.3571472,11.21428585,80.25,37.8571434,40.7142868,76.2142868,40.1071434,39.92856979,77.82142639,41.6071434,31.2142849
7.300000191,267.6000061,7.699999809,15.69999981,20.89999962,8.899999619,9.699999809,18.10000038,14,15.19999981,34.90000153,17.5
39.64706039,114.4705887,7.176470757,31.8235302,40.52941132,9.823529243,38.70588303,27.23529434,18.52941132,16.11764717,47.17647171,15.64705849
16.79999924,272.9333191,6,21.39999962,35.79999924,13.66666698,14.9333334,23.46666718,19.06666756,17.79999924,49.53333282,14.26666641
33.63333511,107.3333359,6.366666794,67.03333282,29.10000038,9.733333588,49.73333359,39.5,15.9333334,34.29999924,41.29999924,16.53333282
21.23809433,295.1904907,14.85714245,52.04761887,27.80952454,27.76190567,52.38095093,27.76190567,22.5714283,32,58.57143021,20.95238113
31.86956596,204.0869598,5.826086998,60.30434799,30.347826,17.69565201,50.13043594,27.91304398,21.04347801,37.56521606,37.56521606,21.17391396
6.076922894,35.84615326,4.846153736,10.76923084,18.38461494,14,12.23076916,33.38461685,18.76922989,7.615384579,137.2307739,13.15384579
9.086956978,476.4347839,8.956521988,15.60869598,30.347826,14.73913002,12.08695698,26.26086998,12.47826099,16.04347801,41.13043594,10.826087
6.400000095,41.13333511,8.733333588,15.86666679,14.80000019,8.600000381,16.13333321,26.33333397,16,17.06666756,196.0666656,9.399999619
17.52941132,294.3529358,15.5882349,24.1764698,10.5882349,12.23529434,15.05882359,27.94117737,11.70588207,15.23529434,27.8235302,12.52941132
12.19999981,257.6000061,15.30000019,25.29999924,32.29999924,17.60000038,27.70000076,28.70000076,18.29999924,31.29999924,30.10000038,14.39999962
12.64999962,306.6499939,12.14999962,17.5,21.20000076,10.05000019,11.5,20.20000076,15.80000019,12.35000038,45.29999924,13.05000019
6.266666889,342.9333191,7.800000191,28.39999962,27,14.33333302,15.0666666,39.26666641,20.79999924,15,25.06666756,17.06666756
23.72727203,275.5909119,16.18181801,52.45454407,25.09090996,24.04545403,24,31.40909004,25.45454597,37.45454407,37.90909195,15.81818199
16.1428566,126.2857132,29.1428566,48.3571434,38,41.42856979,49.6428566,44.2142868,24.4285717,33.1428566,35.57143021,27.0714283
13.66666698,251.5333405,7,29.86666679,21.66666603,6.199999809,18.39999962,34.93333435,16.33333397,14.39999962,33.73333359,13.19999981
28.81818199,963.7272949,16.54545403,76.3181839,29.13636398,39.04545593,67.77272797,61.95454407,36.81818008,49.95454407,48.45454407,36.45454407
7.538461685,336.2307739,4.461538315,23.23077011,28.15384674,11.61538506,13.30769253,26.53846169,17.23077011,22.23077011,80.92308044,19.84615326
10.84210491,349.1052551,8.157895088,25.42105293,27.21052551,16.42105293,28.68420982,26.2631588,20,18.42105293,38,20.63157845
24.60000038,5972.160156,13.52000046,71.83999634,19.76000023,24.76000023,58.95999908,32.84000015,30.84000015,37.40000153,39,19.23999977
23.33333397,485.1428528,10.09523773,34.2857132,19.80952454,22.1428566,36.2857132,32.76190567,20.52380943,27.23809433,28.4285717,21.4285717
41.06666565,44.33333206,11.39999962,31.13333321,18.39999962,10.39999962,17.73333359,25.20000076,16.86666679,11.80000019,34,10.26666641
5.318181992,337.2272644,5.090909004,16.45454597,22.81818199,11.63636398,23.86363602,29.63636398,21.63636398,22.09090996,30.77272797,14.95454502
25.31999969,334.0799866,20.52000046,76.80000305,30.44000053,32.27999878,61.95999908,37.79999924,30.52000046,26.23999977,27.76000023,15.68000031
20.23077011,320.384613,20.23077011,61.80769348,16,41,53.19230652,46.57692337,42.34615326,44.80769348,44.92307663,33.23077011
18.09090996,190.5454559,28.63636398,44.18181992,12.54545498,14.909091,32.72727203,28.81818199,23.09090996,24.09090996,23.72727203,22.45454597
10.75,222.375,12.5,32.3125,28.375,17.75,37.125,18.5625,22.625,23.9375,26.75,13.125
5.708333492,35.70833206,5.625,13.375,24.41666603,11.5,17.79166603,25.83333397,12.41666698,19.45833397,171.5,15.66666698
31.625,371.0833435,25.58333397,44.41666794,27.16666603,28.58333397,51.41666794,29.75,26.08333397,54,36.54166794,26.33333397
13.409091,151.0909119,31.54545403,37,27.45454597,28.5,29.81818199,30.5,33.59090805,21.5,44.63636398,17.72727203
25.20000076,158.3333282,19.13333321,39.73333359,17.39999962,29.33333397,36.46666718,18.53333282,16.33333397,23.79999924,40.66666794,24.46666718
4.176470757,249.4117584,4.764705658,7.941176414,16.76470566,11.64705849,10.94117641,19.70588303,12.70588207,18.94117737,27.23529434,14
5.692307472,273,23.76922989,10.30769253,18.61538506,6.461538315,13.92307663,21.46153831,13.38461494,18.76922989,23,8.538461685
16.63999939,280.2000122,13.72000027,44.88000107,12.80000019,19,33.84000015,19.39999962,15.39999962,25.60000038,33.15999985,16.20000076
5.952381134,43.61904907,3.571428537,36.33333206,28,9.904762268,32.2857132,27.66666603,14.33333302,48.09523773,22.61904716,21.04761887
37.47618866,263.1904907,14.09523773,49.2857132,10.80952358,18.1428566,40.42856979,29.7142849,23,26.19047546,9.047618866,19.33333397
22,1795.666626,6.25,8.166666985,26.08333397,9.583333015,11.08333302,22.66666603,13,15.41666698,43.16666794,17.08333397
18.66666603,407.3333435,8.916666985,102.3333359,25.25,19.41666603,72.91666412,34.66666794,21.75,69.25,34.33333206,27.91666603
19.4285717,345.0714417,14.5,37.3571434,29.8571434,17.6428566,23.7142849,40.5,16.7857151,11.85714245,54.3571434,13.14285755
16.2857151,461.5714417,16.1428566,47.7142868,16.1428566,27.1428566,36.42856979,24.19047546,21.47619057,27.04761887,36,26.1428566
20.88888931,345.8888855,10.16666698,16.27777863,23.11111069,11.83333302,16.88888931,23.61111069,16.83333397,11.44444466,38.55555725,14.88888931
5.400000095,213.8999939,8.100000381,11.60000038,23.29999924,8.899999619,9,22.70000076,15.69999981,12.89999962,34.5,13.39999962
5.653846264,610.1538696,5.038461685,14.92307663,27.34615326,13.5,13.34615421,18.42307663,10.15384579,39.42307663,26.65384674,12.61538506
43.19047546,54.33333206,12.90476227,45.09523773,25.38095284,18.61904716,40.38095093,18.38095284,19.5714283,26.90476227,32.1428566,16.61904716
16,294.6428528,18,20.5714283,18.2142849,19,23.2142849,31.2857151,15.5714283,19.1428566,25.6428566,9.428571701
3.941176414,317,3.941176414,8.235294342,19.76470566,11.52941132,13.4117651,22.11764717,12.23529434,16.11764717,65.94117737,11.35294151
34.55555725,209.3888855,14.11111069,13.83333302,16.33333397,13.33333302,19.05555534,18.05555534,14.44444466,19.5,25.72222137,9.222222328
11.28125,600.125,7.65625,25.15625,45.65625,16.46875,21.78125,67.25,21.6875,27.25,55.6875,16.125
9.833333015,284.25,7.833333492,36.41666794,20.83333397,9.5,20.08333397,27.5,19.25,8.75,30,16.5
16.3571434,185.1428528,16.1428566,47.5,24.2142849,26.1428566,28.2142849,48.5,19.1428566,38.3571434,46.42856979,23.4285717
4.928571224,32.1428566,3.714285612,7.642857075,26.5,13.64285755,13.85714245,78.35713959,11.28571415,11.71428585,37.1428566,14.21428585
32.8125,130.5,16.625,55.5625,17.1875,23.6875,34.5,34.625,22.75,27.875,25.1875,22.8125
11.27272701,599.3181763,7.545454502,27,21.27272797,15.95454502,20.63636398,20.18181801,12.72727299,19.5,34.72727203,11.18181801
10.30769253,163.8461609,28.84615326,34.38461685,22.46153831,37.46154022,28.92307663,40.53845978,32.69230652,20.92307663,53.76922989,22.23077011
31.11111069,378.055542,14.27777767,88.1111145,30.05555534,25.94444466,69.3888855,40.88888931,25.55555534,46.27777863,51,31.33333397
19.76190567,250.3809509,13.38095284,48.42856979,25.2857151,20.1428566,38.04761887,25.04761887,21.19047546,28.8571434,31.90476227,18.52380943
16.8571434,221.5,23.5,40.6428566,14.4285717,15.71428585,29.7142849,19.5,28.5714283,29.7142849,27.5,24.8571434
22.39999962,135.8800049,15.68000031,62.91999817,21.36000061,27.28000069,57.56000137,31.76000023,31.04000092,43.47999954,27.63999939,20.95999908
5,62.19047546,4.761904716,17.61904716,17.2857151,9.809523582,27.1428566,58.57143021,150.3333282,27.80952454,36,22.7142849
6.666666508,323.3333435,4.285714149,12.90476227,20.7142849,15,13.09523773,26.23809433,14.04761887,14.76190472,26.8571434,15.52380943
17.29411697,245.2352905,8.529411316,34.35293961,21.05882263,13.29411793,30.52941132,29.70588303,20.47058868,16.35294151,39.29411697,15.52941132
4,194.5555573,7.333333492,55.11111069,26.22222137,24.66666603,46.33333206,21,21.77777863,19.77777863,49.66666794,15.22222233
12.9629631,870.9629517,11.11111069,31.62962914,24.85185242,25.29629707,33.25925827,39.40740585,15.62963009,24.25926018,31.0370369,21.44444466
35,1878.534912,35.1162796,143.6046448,35.8837204,60.7674408,103.4651184,46.20930099,55.4418602,43.6279068,27,22.8139534
18.29999924,287.5,6.599999905,35.29999924,19.85000038,16.14999962,21.14999962,11.55000019,23.89999962,17.04999924,14.60000038,17.14999962
12.77777767,280.5,8.888889313,24.27777863,30.16666603,14.27777767,22.83333397,29.66666603,13.5,13.94444466,49.05555725,14.77777767
13.30434799,131.5652161,8.826086998,67.56521606,26.56521797,28.86956596,75.82608795,40.47826004,34.60869598,63.65217209,34.13043594,24.69565201
4.411764622,167.4117584,9.647058487,32,16.35294151,16.64705849,29.76470566,37.70588303,20.23529434,29.70588303,41.23529434,20.29411697
6.142857075,276.3571472,5.928571224,14.21428585,25.7142849,8.071428299,12.28571415,30.6428566,8.285714149,15.71428585,35.92856979,13.71428585
3.333333254,31.61904716,7.047618866,16.7142849,45.42856979,14.71428585,14.47619057,83.42857361,14.66666698,27.19047546,64.04762268,17.95238113
7.333333492,280.3333435,9.416666985,17.08333397,14.33333302,12.33333302,14.75,19,14.58333302,12.66666698,39.25,12.25
9.8125,262,8.5625,13.1875,21.9375,11.875,15.0625,22.875,14.9375,17.5,25.375,16.4375
14.33333302,303.3809509,12.04761887,27.7142849,27.61904716,14.66666698,19.90476227,28.80952454,17.4285717,19.66666603,28.66666603,14.80952358
34.36363602,122.772728,8.909090996,55.45454407,20.13636398,12.77272701,38.31818008,27.54545403,22.45454597,31.95454597,47.59090805,16.86363602
16.83870888,295.387085,10.38709641,51.38709641,35.09677505,23.03225899,50.45161438,35.93548203,21.64516068,49.67741776,34,25.58064461
23.04166603,587.041687,21.625,60.04166794,18.66666603,24.91666603,56,45.33333206,35.58333206,46.875,44.16666794,27.58333397
18.347826,251.7391357,8.086956978,86.69565582,31.82608604,27.56521797,72.43478394,47.30434799,31.82608604,51.47826004,64.73912811,24.21739197
8.666666985,34.5,6.833333492,46.91666794,18.91666603,17.75,65.33333588,28.16666603,39.33333206,53.5,12.5,32.91666794
15.45454502,395.3636475,30.18181801,55.09090805,56,45.27272797,54.27272797,58.09090805,36.09090805,40.54545593,68.8181839,48.54545593
14.66666698,528.8095093,9.857142448,86.09523773,60.8571434,29.80952454,72.52381134,60,34.66666794,66.7142868,58,37.57143021
31.09523773,745.333313,19.7142849,13.95238113,18.4285717,9.523809433,18.80952454,18.52380943,14.09523773,15.5714283,26.19047546,9.952381134
14.10526276,290.4736938,7.263157845,66.68421173,20.57894707,23.10526276,67.94736481,51.89473724,35.26315689,62.4736824,58.63158035,30
22.23809433,136.4761963,8.238095284,44.61904907,12.80952358,18.7142849,41.95238113,15.38095284,22.95238113,19.8571434,21.38095284,14.47619057
18.63999939,539.6400146,7.28000021,43.56000137,25.20000076,13.64000034,32.79999924,28.60000038,12.92000008,26.68000031,38.04000092,15
2.900000095,258.7000122,2.599999905,10.39999962,8.300000191,11.60000038,10.5,12.80000019,8.5,12.39999962,34.5,16.29999924
15.96875,310.4375,13.21875,33.9375,18.6875,21.5,30,23.46875,20.65625,25.375,40.09375,14.9375
13.47368431,233.8947296,24.63157845,45.89473724,26.10526276,35.94736862,38.57894897,45,36.05263138,42.4736824,40.94736862,22.10526276
6.928571224,328.9285583,12.14285755,9.857142448,48.6428566,18.6428566,10.78571415,36.2857132,9.285714149,14,59.5,8
26.70270348,193.8918915,13.78378391,54.75675583,23.97297287,18.18918991,56.37837982,23.91891861,19.32432365,51.08108139,37.02702713,25.05405426
20.13333321,269,25.86666679,44.59999847,28.06666756,41.53333282,38.86666489,39.20000076,28.73333359,32.26666641,35.40000153,24.60000038
5.400000095,252.6999969,8.5,18.5,27.5,8.399999619,15.10000038,21.60000038,22.79999924,23.89999962,29.20000076,12
13.58333302,377.6666565,12.83333302,38.125,20.125,17.625,16.16666603,19.33333397,11.83333302,19.54166603,24.70833397,17.04166603
8.111110687,250.222229,1.444444418,12.11111069,16.55555534,8.111110687,14.55555534,35.33333206,12.44444466,17,43.33333206,7.888888836
10.54545498,237.1818237,13.27272701,18.81818199,17.90909004,16.72727203,17.36363602,41.27272797,7,8.545454979,37.54545593,14.909091
9,312.4583435,2.625,10.66666698,23.04166603,13.625,11.875,20.375,9.625,14.375,37.29166794,10.58333302
26.0625,101.375,14.6875,51.875,26.375,11.625,46.1875,46.0625,17.0625,59.875,56.25,29.9375
7.25,356.4642944,8.357142448,20.7857151,45.8571434,14.89285755,22.7142849,44.67856979,15.78571415,14,56.67856979,15.96428585
13.94117641,230.9411774,12.17647076,31.64705849,26.29411697,19.23529434,26.58823586,24.76470566,16.64705849,21.58823586,41.52941132,14.35294151
24.13333321,336.7999878,9.800000191,21.93333244,43.59999847,14.19999981,16.26666641,32.13333511,15.33333302,17.39999962,27.39999962,16.20000076
14.91666698,249.8333282,8.333333015,28.25,16.5,24.25,26.08333397,25.75,16.66666603,21.41666603,34.5,24.08333397
16.33333397,169.9047546,7.142857075,35.7142868,20.76190567,21.19047546,41.61904907,37.8571434,25.4285717,36.61904907,50.7142868,26.38095284
15.125,257.3125,15.6875,11.3125,27,10.375,13.1875,17.8125,14,12.0625,36.9375,10.75
14.22222233,275.3333435,15.77777767,20.44444466,27.77777863,27.33333397,17.44444466,24.33333397,17.55555534,15.77777767,29.88888931,11.33333302
13.07692337,255.9230804,8,38,24.69230843,23.53846169,22.38461494,25.07692337,18.23077011,20.76922989,36.61538315,20.30769157
20,563.5,23.3928566,40.3571434,25.1785717,21.7142849,18.1071434,18.3571434,9.464285851,26.75,49.6071434,12.60714245
29.20000076,245.7333374,12.9333334,33.73333359,17,11.60000038,21.53333282,22.33333397,13.73333359,26.13333321,38.33333206,19.60000038
8.541666985,340.125,7.25,17.45833397,35.16666794,10.04166698,15.375,28.91666603,19,12.83333302,30.79166603,11.375
10.47368431,476.3684082,5.789473534,14.84210491,18.47368431,11.73684216,11.84210491,22.68420982,14.73684216,19.52631569,49.4736824,13.6315794
12.39130402,319.4782715,7.739130497,19.39130402,22.04347801,19.69565201,18.17391396,17.39130402,21.43478203,18.91304398,20.52173996,15.173913
12.61538506,216.2692261,9.461538315,71.46154022,22.65384674,38.65384674,78.7692337,32.76922989,42.23077011,66.7307663,38.92307663,29.69230843
8.411765099,354.3529358,6.882352829,14,41.05882263,13.64705849,13,40.76470566,13.23529434,17.8235302,30.94117737,11.17647076
25.39999962,278.5,11.69999981,21.70000076,18.39999962,13.39999962,19.20000076,24.79999924,10.5,13.5,25.29999924,13.80000019
18.66666603,396.6190491,9.142857552,39.1428566,20.61904716,19.90476227,20.8571434,31.47619057,12.52380943,19.19047546,38.95238113,14.04761887
8.157895088,111.578949,6.3157897,63.57894897,23.7368412,25.52631569,65.31578827,56.89473724,22.63157845,57.42105103,63.5263176,23.05263138
20.88888931,279.6666565,16.94444466,13.44444466,17.05555534,12.11111069,20.33333397,25.16666603,14.77777767,7.777777672,37.88888931,11.33333302
12.95833302,226.875,20.95833397,56.66666794,37.08333206,30.29166603,53.16666794,57,35.5,58.125,75.95833588,37
27.52941132,159.5294189,8.823529243,55,15.23529434,12.11764717,43.17647171,21.1764698,17.11764717,27.88235283,22.88235283,13.76470566
10.69230747,250.1538391,13.46153831,20.92307663,11.38461494,15.30769253,15.07692337,19.76922989,20.53846169,9.692307472,25.61538506,8.230769157
6.559999943,51,8.680000305,8.840000153,30.47999954,10.80000019,10.39999962,74.36000061,10.39999962,14.96000004,51.20000076,11.64000034
40,60.7142868,17.5714283,46.7857132,31.4285717,14.0714283,25.1428566,47.57143021,14.35714245,18.1428566,49.92856979,17
23,390.7619019,9,10.76190472,21.04761887,10.80952358,15.90476227,19.95238113,16,12.52380943,29.66666603,14.85714245
30,308.4285583,7.428571224,63.19047546,38.76190567,24.5714283,69.7142868,38.1428566,24.90476227,35.61904907,35,16.04761887
20.52941132,321.6470642,9.235294342,10.35294151,26.88235283,7.235294342,22.64705849,56.41176605,11.64705849,17.41176414,56.82352829,9.882352829
17.347826,305.6956482,20.04347801,69.26087189,24.13043404,29.26086998,55,50.60869598,29.39130402,53.82608795,50.47826004,34.39130402
26.61538506,148.5384674,38.15384674,44.92307663,25.30769157,36.38461685,55.30769348,23.84615326,35.84615326,24.07692337,46,25.69230843
8.944444656,276.555542,7,23.61111069,20.88888931,12.44444466,10.94444466,16.94444466,16.61111069,13.77777767,25.77777863,15.77777767
26.54999924,356.8500061,21.35000038,22.25,14.14999962,17.54999924,17.5,26.79999924,20.14999962,12.5,30.64999962,12.60000038
8.9375,77.0625,5.25,15.4375,66.125,13.875,21.125,83.9375,12.5,8.625,62.0625,14
14.80000019,277.8500061,3.5,17.25,11.69999981,8.699999809,19.29999924,17.89999962,14.94999981,12.55000019,18.25,12.69999981
15.35714245,250.7857208,12.9285717,22.0714283,19.5714283,15.5714283,20.1428566,21.9285717,15.85714245,20,38.57143021,14.5714283
10.590909,330.8181763,8.045454979,15.31818199,17.68181801,11,19.45454597,28.09090996,17.59090996,15.45454502,32.18181992,13.909091
10.64285755,233.0714264,4.642857075,11.14285755,31.7857151,11.28571415,12.71428585,33.57143021,10.0714283,7.642857075,25.9285717,16.8571434
5.956521511,367.1304321,5.86956501,11,17.69565201,11.69565201,15.652174,31.652174,14.347826,17.43478203,53.56521606,12
6.538461685,64.84615326,3.076923132,18.61538506,19.15384674,14.92307663,13.61538506,25.61538506,12.53846169,16.46153831,148.0769196,21.69230843
14.1875,298.3125,10.3125,21.25,8.625,15.125,20.25,12.0625,12.875,24.5,13.25,16.3125
9.823529243,300.9411621,8.470588684,19.11764717,22.11764717,14.11764717,21.52941132,30.64705849,16.94117737,12.4117651,33.41176605,12.23529434
32.69230652,117,20.07692337,27.46153831,25.92307663,26.46153831,16.53846169,11.76923084,15.07692337,12.15384579,19.76922989,9.769230843
33.42856979,114.5714264,10.6785717,33.67856979,17.6071434,16.0357151,22.6785717,27.5,15.0714283,23.6785717,54.6428566,13.6785717
22.38461494,379.7692261,15.88461494,46.15384674,15.42307663,28.38461494,38.07692337,30.92307663,25.92307663,37.80769348,38.42307663,20.65384674
11.69999981,255.6000061,5.800000191,13.30000019,25.29999924,9.800000191,17,21.29999924,14.69999981,19.20000076,33.09999847,15.69999981
17.71999931,471.0799866,9.960000038,40.36000061,31.15999985,17.28000069,26.92000008,23,15.23999977,17.79999924,33.11999893,14.15999985
8.913043022,359.4782715,5.956521511,21.91304398,23.30434799,12.73913002,16.86956596,44.95652008,20.652174,17.60869598,26.52173996,13.21739101
29.40909004,113.6363602,7.272727489,71.5,28.5,14.72727299,73.36363983,34.59090805,17.22727203,43.04545593,18.63636398,13.04545498
9.166666985,263.5833435,8.083333015,13.66666698,21.25,9.083333015,16.91666603,27.83333397,11.58333302,16.25,48.41666794,9
1.222222209,231.6666718,7.555555344,27.33333397,15.44444466,14.55555534,17.44444466,21.88888931,15.22222233,19.44444466,27.33333397,16.88888931
28.58333397,564.25,5.458333492,41.08333206,32.33333206,14.16666698,19.875,22.91666603,13.20833302,25.04166603,37.83333206,14.5
8,279.3684082,4.631578922,14.52631569,24.10526276,12.94736862,11,32.05263138,12.94736862,16.36842155,42.5263176,15.42105293
12.18181801,203.3636322,10.36363602,33.09090805,26.27272797,20.63636398,26.45454597,23.27272797,25.90909004,20.45454597,46.81818008,12.18181801
11.90476227,101.9523773,5.904761791,79.80952454,18.66666603,17.4285717,79.57142639,50.42856979,36.42856979,78.90476227,48.1428566,31.1428566
23.0714283,193.2857208,13.60714245,45.6428566,28.6428566,18.9642849,45.8928566,38.0357132,27.1785717,49.6428566,49.17856979,23.3571434
20.4285717,324.5238037,14.71428585,21.52380943,30.47619057,16.80952454,17.52380943,26.09523773,20.04761887,15.04761887,28,20.1428566
8.833333015,599.666687,7.333333492,11.27777767,26.77777863,15.27777767,13.27777767,24.22222137,11.83333302,14.11111069,22.77777863,8.444444656
22.77419281,291.4515991,19.12903214,49.83871078,30.87096786,25.12903214,45.61290359,27.87096786,32,49.64516068,36.58064651,36.51612854
6.166666508,284.75,4.875,13.625,12.75,8.166666985,15.70833302,26.75,14.375,17.375,20.45833397,14.04166698
4,279.8095093,4.238095284,11.14285755,17,11.04761887,12.14285755,26.52380943,8.238095284,10.5714283,31.90476227,8.523809433
26.54999924,391.0499878,15.5,90.40000153,26.95000076,28.04999924,71.84999847,41.95000076,28.35000038,48.5,39.84999847,24.35000038
39.16666794,84.16666412,6.333333492,36,10.33333302,8.666666985,33.5,12.16666698,20.66666603,25.16666603,33.83333206,18.83333397
19.20000076,183.6000061,17.20000076,32.59999847,19.60000038,14.39999962,38.40000153,17.60000038,24.39999962,18.39999962,12,10.80000019
4.333333492,58.88888931,4.222222328,55.11111069,24.88888931,21.66666603,72.33333588,25.11111069,34.44444275,24.33333397,33.55555725,15.44444466
6.599999905,168.8000031,7.400000095,82.80000305,16.79999924,9.800000191,51.40000153,32.79999924,30,42.59999847,61.59999847,22
28.25,236.375,8.125,44,17.875,18.625,17.625,28.375,11.875,29.625,41.375,15.875
25.5,187.1000061,15.30000019,48.5,17.70000076,31.10000038,25.79999924,30.79999924,22.79999924,27.39999962,35.90000153,22.39999962
3.166666746,237.8333282,6.5,13.16666698,7.833333492,8.166666985,15,5.833333492,11.16666698,16.66666603,46.5,10.5
26.79999924,120,19.79999924,32.59999847,12.80000019,22.39999962,23.60000038,21.39999962,18.39999962,20.79999924,23.20000076,6.400000095
32,104.4285736,8.714285851,49,8.714285851,6.714285851,48.2857132,20,12.14285755,22.8571434,13.4285717,15.71428585
10.85714245,222.1428528,1.142857194,46.8571434,22.2857151,15.85714245,8.142857552,26.2857151,11.71428585,13,28.7142849,16.5714283
28.25,31.75,29.625,9.25,22.125,12.25,17,13.625,12.75,10.75,19.125,13.75
35.25,158.4166718,9,64.58333588,24.16666603,19.83333397,45.33333206,28.08333397,22.83333397,25.91666603,14.58333302,19.66666603
5.625,50.625,6,10.25,32.5,7.5,19.25,26.125,13.875,8.875,124.875,9.625
20.10000038,191.3999939,20.60000038,37.79999924,37.09999847,25.20000076,38.29999924,33.29999924,17.79999924,33.40000153,133.3999939,26.10000038
15.71428585,290.1428528,26.5714283,44.2857132,32,47.8571434,41,58.57143021,36.42856979,24.1428566,71.7142868,26.7142849
17.75,168.5,21.375,58.375,24.25,35.625,55.625,24,27.625,59.875,39.875,34.875
11.81818199,326.5454407,8.818181992,22.45454597,23.36363602,17.18181801,21.72727203,42.45454407,12.63636398,15.090909,31,17.81818199
6.25,250.5,8.875,15.875,27.375,14.25,17.5,53,20.875,13.875,45.25,14.875
10.66666698,218.3333282,7.666666508,15.5,11.66666698,13.83333302,9.333333015,25.16666603,7.666666508,21,28.16666603,16.66666603
33.75,51.875,35.75,12.875,20.25,15.125,14.125,11.125,18,17.25,25.125,8.75
4.666666508,222.1666718,8.666666985,11.33333302,24.5,8.666666985,16.5,23,15.33333302,18.83333397,35.16666794,12.83333302
7.714285851,238.1428528,6.714285851,34.7142868,33.42856979,21.4285717,27.5714283,23.2857151,15.4285717,19.5714283,32.2857132,23.1428566
26.77777863,136,30.22222137,55.22222137,40.44444275,31,47,33.11111069,25.33333397,39.11111069,68.77777863,25.44444466
8.125,253.5,9.5,44.5,27.75,17.375,23.375,30.5,15.875,15.5,37.5,16.625
28.5,132.5833282,13.16666698,42.16666794,25.91666603,18.91666603,48.16666794,39,20,21.83333397,50.33333206,13.25
10,90,6.599999905,45.59999847,29.20000076,39.40000153,36.20000076,35.40000153,47,23.39999962,23.79999924,34.59999847
26.20000076,208.5,5.699999809,33.29999924,18.10000038,24.29999924,14.39999962,27.5,13.5,21.29999924,45.90000153,16.89999962
22.23077011,142.384613,30.53846169,45.76922989,25.46153831,33.38461685,49.53845978,27.38461494,24.07692337,30.84615326,37.53845978,25.07692337
11.75,230.75,3.625,38.125,34,9.75,29.875,27.75,10.125,40.875,39.5,21
38.09999847,155.1000061,15.10000038,14.60000038,17,13.5,12.69999981,20.70000076,18.20000076,21.70000076,35.20000076,7.400000095
6.111111164,36.66666794,6.111111164,15.88888931,72.44444275,12.11111069,15.11111069,90.8888855,12,14.88888931,48.22222137,14.33333302
7.800000191,48.79999924,7.800000191,12,101.8000031,10.80000019,13.19999981,39,8.800000191,6.199999809,62.79999924,26.20000076
8.545454979,345.2272644,4.909090996,19.04545403,21.95454597,14.409091,12.04545498,24.22727203,10.18181801,13.72727299,31.68181801,14.04545498
25.87999916,157.0800018,7.960000038,49.27999878,23.20000076,16.55999947,44.75999832,29.68000031,19.76000023,32.91999817,31.07999992,15.56000042
27,185.5,2.599999905,51.79999924,27.10000038,12.39999962,39.79999924,33,12.80000019,27.20000076,28.5,15.39999962
21.77777863,228.5555573,9.777777672,37.33333206,17,21.55555534,34.11111069,30.22222137,23.33333397,20.66666603,20.88888931,18.22222137
21.10000038,316.1499939,12.64999962,13.55000019,20.75,15.10000038,14.10000038,23.54999924,14.35000038,15.44999981,32.59999847,12.94999981
28,191.6000061,6.800000191,29.20000076,32.20000076,18.20000076,10.19999981,27.60000038,14.60000038,7.800000191,41.20000076,23
22,264.6666565,8.111110687,15.33333302,21.88888931,15.11111069,15.88888931,39.66666794,12.44444466,15.66666698,32.55555725,13
12,221.1666718,4.166666508,32.16666794,4,10,17.66666603,22.83333397,9,18,19.66666603,15.16666698
4,295.2000122,5.400000095,18.20000076,20.39999962,15.80000019,15.19999981,21.60000038,17.79999924,13.60000038,18,14
21.1428566,178.4285736,7.428571224,34,5.428571224,10.4285717,29.1428566,22.8571434,22.7142849,21.8571434,45.2857132,15.5714283
30.60000038,66.19999695,21,43.20000076,45.70000076,24.29999924,47.59999847,43.5,30.60000038,25.39999962,34.09999847,21.5
28.29999924,187.5,8.300000191,43,15.89999962,18.20000076,37.79999924,23,10.69999981,24.10000038,30.10000038,17.20000076
10.5,211.3000031,11.5,18.29999924,14.39999962,10.19999981,19.39999962,14.39999962,15.5,16.89999962,22.10000038,11.30000019
7.599999905,245.1999969,9.800000191,13.80000019,24.39999962,12.80000019,28.39999962,42.79999924,11.19999981,10.39999962,45,12.19999981
3.25,257.5,5.625,18.75,26.5,9.125,10.375,21.125,11.125,12,22.5,9.125
9.714285851,203.7142792,8.142857552,24.1428566,18.5714283,22.1428566,7.857142925,32.1428566,15.28571415,16.2857151,14.28571415,19.2857151
4.166666508,38.66666794,7.5,11.5,15,18.33333397,15.66666698,91,11.83333302,10.66666698,87.83333588,14.16666698
9.833333015,188.8333282,16.83333397,31.16666603,15.16666698,30.66666603,17.5,37.16666794,8.5,19.33333397,20.83333397,18.5
7.857142925,227,8.714285851,18.2857151,21.2857151,11,21.1428566,24.4285717,11.28571415,8,27.1428566,12.71428585
11.19999981,241.1999969,4.400000095,16.79999924,21.60000038,16.20000076,7.599999905,28.20000076,12,12.60000038,27.79999924,17.79999924
36.84615326,1752.769287,17.38461494,16.61538506,13.53846169,18.15384674,14.38461494,13,13.30769253,19.07692337,33.61538315,14.07692337
16.16666603,176.6666718,17.16666603,28.83333397,23.33333397,13.5,36.5,19.16666603,30.33333397,26.16666603,33.5,11.66666698
6.142857075,292.5714417,9.285714149,23.8571434,27.4285717,14.71428585,8.285714149,26.1428566,12.5714283,17,33.8571434,24
16.20000076,209.3999939,5.199999809,27,21.60000038,12.60000038,30.79999924,17.20000076,9,18.60000038,21,16
25.60000038,225.6000061,6.599999905,50.20000076,28.39999962,27.79999924,26.20000076,34,14.19999981,15.80000019,55.20000076,24
13.66666698,233.5555573,12.88888931,31.77777863,26.66666603,25.22222137,31.44444466,30,17.77777863,14.55555534,55.11111069,9.777777672
5.375,36.5,2.5,11.5,25.125,12.625,11.625,12.5,11.625,10.5,146.75,14.375
38.77777863,50.11111069,7.222222328,44,9.666666985,8.777777672,24.44444466,28.11111069,17.77777863,19.44444466,27.33333397,27.55555534
11.77777767,254.222229,9.555555344,50.66666794,31.88888931,24.55555534,38.44444275,46.44444275,19.22222137,25.55555534,41,18
14.83333302,223.8333282,20.66666603,22.16666603,26,15.16666698,19.5,31.5,24.5,10.83333302,61,14.16666698
7.111111164,160.8888855,4,10.33333302,17.33333397,11.11111069,19.11111069,24.22222137,11.44444466,17.33333397,18.33333397,18.11111069
23.66666603,242.3333282,20,33.91666794,29.08333397,27.91666603,50.41666794,40.83333206,21.75,19.58333397,29.83333397,17.33333397
2.428571463,108.5714264,6.428571224,49,26.1428566,14.4285717,45.7142868,48.2857132,32.1428566,44.42856979,37.57143021,15.5714283
19,234.6666718,8.333333015,29.66666603,22.33333397,18.83333397,16.83333397,32.33333206,15.16666698,5.5,13.66666698,11.5
5.285714149,202.2857208,8.142857552,14.5714283,22.2857151,7,21.7142849,34.1428566,11.71428585,15,46.57143021,14.85714245
25.16666603,166,18.16666603,58.33333206,17.83333397,39.16666794,47.66666794,33.16666794,46.83333206,18.83333397,42.33333206,20
25.79999924,70,26,30.60000038,27.79999924,23.60000038,58,26.39999962,17.79999924,18,31,19.79999924
33.125,159.25,14.375,21.125,30,12.375,12.5,29.625,16.5,18.625,25,13.625
28.20000076,242.2666626,6.599999905,48.20000076,44.66666794,18.39999962,43.40000153,26.79999924,16.33333397,25.46666718,51.13333511,14.0666666
24.33333397,162.1666718,14,37.66666794,32.83333206,19.5,52,36.16666794,19.16666603,22.66666603,71.16666412,16.5
15,248,8.800000191,21,33.59999847,17.39999962,15,23.79999924,26,10.80000019,34.20000076,8.600000381
18.75,222,16.25,25.625,17,23.375,22.625,22.125,12.5,17.25,13.75,11.375
43.94444275,35.11111069,2.944444418,57.61111069,46.83333206,17.11111069,35.16666794,30.44444466,16,25.94444466,63.44444275,19.61111069
7.199999809,81.40000153,35.20000076,45.79999924,30,47.20000076,40.79999924,50.20000076,40.59999847,38.40000153,58.59999847,28
39.75,295.5833435,22.91666603,45.91666794,13.58333302,17.91666603,42.33333206,28.33333397,17.58333397,23.41666603,85.91666412,18.25
14.71428585,268.8571472,9.714285851,30,22.2857151,20.5714283,41.1428566,18.7142849,26.1428566,37.57143021,33.57143021,29.4285717
6.833333492,211.5,7.833333492,4.666666508,18.33333397,9.833333015,8.833333015,16.66666603,14.83333302,22.66666603,24.5,16.66666603
19.875,197,13.875,24.25,28.25,14.125,19.875,53.25,21,27.875,67,16.25
0.600000024,220.6000061,3.799999952,17.20000076,17,13,16.39999962,33.40000153,20.79999924,12,28.79999924,19.20000076
23,173.8333282,7.5,50.83333206,30.66666603,14.83333302,40.83333206,34.5,27.5,27.83333397,27.5,20.33333397
12.60000038,120.1999969,14.60000038,55.40000153,32.59999847,23.39999962,44.79999924,42.59999847,32.59999847,37,75,38.59999847
8.571428299,233,15.85714245,22,30.1428566,22.8571434,13.28571415,26.5714283,17.5714283,20.7142849,42.57143021,14.28571415
34.72727203,78.90908813,16.72727203,42.45454407,32.36363602,13.18181801,43.36363602,31.18181801,21,23.63636398,44,17.90909004
5.400000095,180.1999969,2.599999905,9.399999619,10.60000038,7.800000191,18.79999924,18,11.19999981,15.80000019,14.80000019,19.39999962
24.61111069,210.6111145,6,47.77777863,33.72222137,14.77777767,43.38888931,33.55555725,15.05555534,30.27777863,39.38888931,16.94444466
12.375,153.625,11.625,39.6875,22.125,18.625,36.5,21.9375,21.75,32.75,36.125,22.3125
6.142857075,229.2857208,5.285714149,18,28.7142849,11.5714283,15.28571415,36.2857132,14.5714283,13.85714245,58.57143021,16.5714283
22.09090996,695.1818237,6.272727489,44.72727203,30.18181801,19.45454597,23.63636398,22.72727203,22.09090996,37.36363602,44.36363602,11.18181801
24.44444466,158.222229,11.88888931,50.33333206,27.44444466,16.77777863,21.55555534,16,15.77777767,24.33333397,36.44444275,26
40.91666794,250.5,39.41666794,33.08333206,15.08333302,27.91666603,26.41666603,18,18.5,19.16666603,23.58333397,13.25
8.875,229.5,9.875,18.625,21.625,7.75,26.5,39.375,17.625,17.125,52.5,12.875
45.25,69.625,8.875,45.25,46.75,11.5,32.75,62.375,14.25,24.875,85.125,18
26,252.1666718,8.666666985,50.66666794,25.83333397,19.66666603,25.66666603,61.33333206,22.16666603,29.5,35.66666794,22.66666603
22,178.8333282,12.5,29.66666603,19.66666603,16.5,36.16666794,23.5,19,13.33333302,49.33333206,19.16666603
5.428571224,87,2.857142925,8.714285851,64.7142868,12.71428585,18,88,12,12,48,20.2857151
13.83333302,215.3333282,13.5,21,31.16666603,18,18.33333397,18.33333397,9,20,16.66666603,17.16666603
6.333333492,98.16666412,0.833333313,55.16666794,34.16666794,19,53,26.16666603,24.83333397,30.33333397,56.33333206,20.66666603
9.800000191,57.29999924,11.30000019,23,24.20000076,17.70000076,25.60000038,81.59999847,19.10000038,21,19.5,16.60000038
2.200000048,222.6000061,6.400000095,16.79999924,43.40000153,6.599999905,29.39999962,15.19999981,14,16.39999962,34.59999847,11.19999981
3.5,242,1.833333373,20.33333397,18.66666603,10.16666698,17.33333397,13.66666698,18.33333397,17.16666603,23.16666603,12.33333302
26.10000038,284.75,8.350000381,49.15000153,24.54999924,16.60000038,44.04999924,41.90000153,33.20000076,35.59999847,38.40000153,23.5
12.95238113,230.3333282,8.809523582,26.76190567,23.04761887,15.14285755,22.33333397,13.04761887,13.47619057,24.5714283,23.2857151,12
20.70000076,298.8999939,7,25.70000076,24.79999924,11.30000019,22.79999924,36.09999847,21.20000076,20.89999962,43.70000076,15.5
12.66666698,266,5,40.83333206,28.16666603,15,19.5,14.83333302,5.166666508,21.5,46.16666794,9.666666985
22.60000038,192.6000061,23,33.20000076,32.40000153,26,40.40000153,35.40000153,29.79999924,19.20000076,62.40000153,12.80000019
25.8571434,92.7142868,7.285714149,43.2857132,31,10.28571415,46.7142868,18.1428566,20.7142849,23.4285717,37.57143021,11.5714283
9,229.8333282,2.333333254,12.66666698,15.83333302,5.333333492,9.833333015,29.83333397,3.333333254,20.66666603,36,17.83333397
31.11111069,190.3333282,9.777777672,55.22222137,28.55555534,12.55555534,21.22222137,44.44444275,10.88888931,19.66666603,48.44444275,19.88888931
30.125,303.5,13.25,46.375,45.625,26.875,30.5,35.5,18.5,29.875,94.375,16.625
23.20000076,186.1999969,7.199999809,20,9.800000191,16,15,15.80000019,13.39999962,17.20000076,31.39999962,10.39999962
9.714285851,61.8571434,4.285714149,9.571428299,114.5714264,11.4285717,8.857142448,71.57142639,6.428571224,8.714285851,46,8
5.666666508,209.5,4.833333492,16.83333397,19.16666603,8.833333015,9.666666985,18.33333397,20.5,24.83333397,16.33333397,12.83333302
4.666666508,240.1666718,4.166666508,15.33333302,9.833333015,9.333333015,13,21.5,13.16666698,8,48.16666794,17.33333397
12.60000038,301.3999939,14.39999962,23,23.79999924,14.60000038,24.39999962,28,16,16.79999924,37,16.39999962
13.5,158,8.375,56.875,17.75,30.125,54.25,56,27,35.5,35.875,19.25
7,235.1000061,7.400000095,22.70000076,41.5,18.70000076,19.29999924,37.59999847,15.80000019,20.89999962,69.5,15.80000019
10.14285755,194.5714264,6.428571224,47.57143021,26,19,35.1428566,38.2857132,15,11.85714245,44.42856979,14.5714283
18.29999924,351.1000061,4,42.20000076,38,21.70000076,16.10000038,41.5,17.39999962,4.400000095,45.09999847,15.19999981
11.4285717,244.4285736,4.142857075,14.4285717,13,9.714285851,18.2857151,17.4285717,7.714285851,19.5714283,26.7142849,8.428571701
27.16666603,154.5,18.83333397,34.41666794,24,20.66666603,38.33333206,18.66666603,24.08333397,23.25,21.58333397,11.16666698
9.375,250.5,4.625,7.375,9.875,13.5,18.125,21.25,14.125,16.125,33.25,12.75
10.33333302,32.77777863,5.666666508,16.33333397,37,5.444444656,9.111110687,19.22222137,21.44444466,14.55555534,134.5555573,11.22222233
2.777777672,43.66666794,3.333333254,35.33333206,34.44444275,18,60.66666794,85.55555725,33,43.44444275,68.44444275,24.22222137
26,176.5,15.83333302,30.66666603,42,16.66666603,38.5,35.33333206,20,10.66666698,17.5,18.33333397
25.2857151,146,18.1428566,53.7142868,16.2857151,19.7142849,60.42856979,44.42856979,18.1428566,18.1428566,40.7142868,23.8571434
7,207.125,5.875,10.75,9.625,9.125,12.875,13.875,14.5,19.5,38.625,17.25
8.714285851,182.5714264,5.428571224,36.57143021,17.4285717,14,16.8571434,23.5714283,14.14285755,26.2857151,27.1428566,9.571428299
23.625,228.5,10.25,9.125,26.75,11.25,16.75,25.875,8.5,15.125,35.125,8.75
4.777777672,213.8888855,5.444444656,11.33333302,27.11111069,13.22222233,20.22222137,19,12.66666698,18.33333397,28.55555534,13.66666698
24,187.8333282,11.16666698,26.16666603,21.33333397,6.333333492,30,40,16.83333397,25.5,10,12.83333302
12.4285717,36,6.571428776,25.8571434,30.1428566,11.14285755,129.1428528,60.8571434,15.14285755,24.4285717,65.85713959,8.428571701
36.59999847,52.70000076,10.30000019,51.09999847,30.29999924,14.39999962,25.20000076,19.29999924,11.19999981,14.5,35.5,16.60000038
1.399999976,37.20000076,2.200000048,18.60000038,31,13,20,89.59999847,15.80000019,18,34.20000076,22.20000076
6.333333492,228.8333282,0.5,12.83333302,17,13.5,23,42.66666794,26.16666603,28.83333397,36.16666794,21.33333397
76.7692337,332,5.307692528,106.615387,46,14.92307663,53.23077011,57.46154022,22.23077011,49.23077011,45.07692337,30.15384674
15.5714283,177.5714264,12.5714283,25.7142849,15.71428585,15.14285755,32.2857132,26.5714283,35.8571434,18.2857151,28.1428566,20.7142849
11.5,211.5,8,19.375,32.5,11.75,22.5,28.75,22.125,10.375,42.875,16
8.399999619,281,9.800000191,16.79999924,16.20000076,14.60000038,8.399999619,36.20000076,11.39999962,17.20000076,45.79999924,10.39999962
6.166666508,231.3333282,6,4.833333492,25.83333397,10.83333302,18.66666603,28.66666603,15.16666698,12,51.33333206,16
29.44444466,45.88888931,7.111111164,38.22222137,15.77777767,12.55555534,45.11111069,45.77777863,12.44444466,26.44444466,30.77777863,14.55555534
11.73684216,378.4736938,7.947368622,47,17.52631569,13.3684206,33.26315689,42.15789413,14.15789509,31.42105293,31.84210587,13.3684206
22.89999962,185.5,5.199999809,50.29999924,22.5,12.10000038,21.39999962,25.20000076,15.69999981,46.59999847,49.09999847,18.60000038
11.80000019,256.3999939,3.400000095,12,29.60000038,8.800000191,18,28.60000038,17.60000038,8.800000191,24.60000038,16.60000038
15.5,231.125,6.5,35,25.875,15.625,26.875,29.75,11.875,17.125,43.75,11.875
19,147.3333282,3.666666746,38.33333206,26.5,20.5,31.66666603,32.16666794,9.333333015,18.16666603,21,14.66666698
7,208.8888855,7,44.22222137,22.22222137,15.66666698,42,30.66666603,13.33333302,30.55555534,22.55555534,20.44444466
14,227.3333282,3.666666746,12.33333302,24.33333397,17.5,13.83333302,22.5,14.5,9.333333015,21.16666603,9.5
14.4285717,203.7142792,11.28571415,32.2857132,25.5714283,12.5714283,28.4285717,24.2857151,14.71428585,14.28571415,26.5714283,10.28571415
7.571428776,260,7,16.4285717,21.1428566,18.4285717,19.1428566,20.2857151,8.285714149,9.428571701,27.8571434,13.85714245
21.70000076,206,18,36.5,38.90000153,30.60000038,18.5,28.39999962,20.29999924,19.89999962,41.79999924,34.90000153
3.5,42,5,7.5,80.16666412,7.833333492,20.33333397,81.16666412,15.33333302,10.66666698,46,10.83333302
11,247,10.33333302,16.83333397,24,8.5,7.333333492,23,11.5,19.5,23.5,17
3.625,271.75,2.375,34.5,32.125,13.25,12.875,35.625,11.75,11.875,54.875,14
10.80000019,225,1.600000024,17.79999924,42.59999847,18,18,17.39999962,10.39999962,29.60000038,48.40000153,16.79999924
13.60000038,174.6000061,6.400000095,32,10.19999981,11,26.60000038,13,12.80000019,13,15.80000019,7.199999809
4.300000191,241.1999969,4.400000095,19.70000076,22.20000076,19.39999962,30.10000038,44.59999847,11.60000038,16.29999924,35.59999847,13
19.89999962,149.5,5.800000191,59.20000076,24.70000076,8.699999809,41.79999924,17.70000076,11.80000019,26.39999962,9.699999809,15.80000019
16.33333397,171,9.166666985,45,55.66666794,17.5,47.16666794,39.16666794,12.83333302,18,34.83333206,10.5
4.599999905,245.6000061,6.599999905,8.600000381,30.20000076,8,24.39999962,24.60000038,15,13.80000019,31.20000076,19.20000076
14.19999981,201,7.400000095,12.60000038,37.79999924,19.39999962,24.39999962,18.39999962,12.19999981,25.39999962,31.20000076,12.39999962
20.45454597,48.63636398,6.727272511,51.54545593,13.63636398,12.36363602,40.72727203,22.54545403,22.09090996,22.90909004,48.27272797,14.36363602
27.39999962,172.6666718,7.933333397,54.46666718,36.13333511,18.33333397,53,53.73333359,40.86666489,30.26666641,71.26667023,18.73333359
6.428571224,239.1428528,9.142857552,13,10,8,18.1428566,13.4285717,10.71428585,11,17.5714283,4.714285851
14,262.6000061,10.39999962,26.20000076,39,10,18.20000076,46.79999924,6.400000095,8.600000381,55.79999924,11.19999981
10.69999981,254,4,35.90000153,17.39999962,10.19999981,23.39999962,17.39999962,15,17.20000076,29.89999962,12.5
6.526315689,288.3157959,10.05263138,12.3684206,15.84210491,15.21052647,18.94736862,17.21052551,17.10526276,13.68421078,20.31579018,9.736842155
26.72727203,160.8181763,7.545454502,51.81818008,31.18181801,11,37.90909195,31.90909004,16.09090996,14.27272701,25.45454597,15.36363602
9.142857552,236.4285736,5,8.285714149,44.42856979,14.14285755,18.8571434,36.57143021,6.571428776,14,14.85714245,10.14285755
11.16666698,188.3333282,2.333333254,45.5,22.16666603,21.83333397,34.66666794,38.66666794,11.83333302,32.5,30,11.66666698
10.5,244.3333282,7.333333492,13.66666698,30.33333397,16.83333397,19.16666603,25,17.66666603,21.5,52.33333206,17.16666603
5.875,219.625,6.75,17.375,42.125,7.875,19.5,41.625,16.25,13.5,20.625,21.25
40.7142868,57.57143021,5.714285851,33,21,18.1428566,25.9285717,15,16.0714283,13.35714245,34.6428566,14.64285755
22.4285717,163.7142792,3.142857075,34.8571434,23.8571434,17.1428566,20.2857151,42.2857132,19.4285717,28.4285717,44.42856979,13.85714245
6.333333492,236.9166718,5.416666508,16.25,15.58333302,8.5,12.25,24,11.58333302,13.33333302,17.41666603,13.16666698
14,233.1999969,9.199999809,17.79999924,19,5.800000191,9.399999619,29,10,9.600000381,30.39999962,17.79999924
5,55,3.428571463,24.7142849,37.1428566,9.857142448,18.2857151,11.71428585,10.5714283,19.7142849,373.2857056,9
24,461,15.39999962,5.800000191,32.20000076,8.399999619,17.39999962,32.20000076,12.19999981,11.80000019,47.79999924,10
6,208.1666718,5,19.5,23.66666603,17.5,20.33333397,20.33333397,10.83333302,22.83333397,12,18.5
13.39999962,71,5.800000191,26,18.39999962,21.20000076,22.60000038,18.39999962,10.80000019,13.80000019,121,8.399999619
10.5714283,241,12.28571415,47.2857132,10.5714283,26.4285717,22.5714283,6.142857075,6.714285851,11,28.8571434,23.8571434
30.45454597,471.3636475,10.909091,40.45454407,11.18181801,17.36363602,20.81818199,15.36363602,20.63636398,26.27272797,36.27272797,17.72727203
4.875,33.25,4.375,10.75,37.125,3.625,17.625,81.375,15,15.125,45.75,7
17.58823586,519.1176758,18.11764717,40.70588303,37.88235474,29.76470566,42.41176605,38.52941132,27.70588303,39.52941132,41.64706039,23.35294151
29,210.6666718,3.666666746,63.66666794,18.22222137,19.44444466,35.33333206,39.44444275,18.22222137,31.55555534,46.66666794,17.11111069
23.39999962,90.59999847,14.19999981,46.40000153,29.39999962,22.39999962,49,21,19.79999924,26.79999924,28.20000076,15.80000019
7.818181992,270.9090881,5.909090996,11.27272701,11.63636398,13,14.090909,12.27272701,16,17.09090996,47.09090805,12.27272701
4.5,40,4.5,14.10000038,78.69999695,16.29999924,19.29999924,78.5,11.5,14,60.59999847,14.89999962
11.72727299,163.6363678,11.72727299,66.54545593,19.27272797,23.54545403,42.72727203,41.18181992,25.09090996,31.36363602,36.27272797,23.36363602
36.77777863,38.22222137,3.777777672,50.88888931,20.55555534,11.88888931,32.77777863,30.11111069,18.55555534,27.22222137,39,22.44444466
9.818181992,288.1818237,15.72727299,20.36363602,29.81818199,18.36363602,22.63636398,25.63636398,15.45454502,17.81818199,33.54545593,18.72727203
8.833333015,220.5,2.333333254,23.16666603,18.5,16,20.66666603,13,14.16666698,12.83333302,16.66666603,17.5
16,201,10,15.14285755,21.1428566,11.71428585,15.5714283,16.4285717,19.4285717,23,28,16.4285717
14.5,198.375,16.875,21.625,16.75,11,19.25,32.5,18.875,17.625,17.25,14.875
10.89999962,249.8000031,6.099999905,12.5,31.5,13.5,21.70000076,25.5,9.800000191,11.89999962,69,12.80000019
7.800000191,50,4.199999809,22,69.40000153,12.80000019,24.39999962,88.80000305,26.60000038,30.39999962,63.20000076,14.80000019
6.625,232.625,5,11.875,20,8.625,22.125,13.375,11.375,7.625,25,14.625
36,88.1111145,12.44444466,25.77777863,25,16.22222137,17.77777863,36.44444275,13.44444466,24.55555534,16.88888931,10
12.71428585,187.1428528,7.142857075,39,32.7142868,35.42856979,31.2857151,55.42856979,26,29.1428566,33.8571434,30.2857151
22.2857151,199.5714264,8.857142448,29.2857151,11.28571415,14.71428585,45.42856979,22,15.85714245,13.71428585,48,13.5714283
5.166666508,252,4,9,22.5,13.33333302,11.16666698,21,13.33333302,10.16666698,27.5,10.16666698
6,256.5,9.199999809,18.10000038,18.60000038,17.89999962,22.60000038,34.90000153,15.30000019,13.19999981,32.5,10.89999962
21.66666603,168.1111145,4.888888836,37.33333206,21.22222137,19,25.77777863,21.33333397,8.111110687,28.55555534,22.44444466,8.777777672
6.625,224.625,6.125,10.5,28.625,8.875,17.875,29.375,16.875,19.75,22.875,14.625
13.38888931,349.277771,9.555555344,33.22222137,18.88888931,13.38888931,21.83333397,28.83333397,15.72222233,15.33333302,25.27777863,12.88888931
20.375,174.125,18.25,34.5,15.125,32.25,38,29.25,39.5,31.875,44.25,27.5
9,243.7142792,8.285714149,51.42856979,48.57143021,16.2857151,15.85714245,28,14.4285717,9.428571701,33.8571434,11
12.30000019,158.1000061,26,56.95000076,29.25,50.15000153,47.34999847,24.14999962,43.95000076,54,48.40000153,28.25
25.4285717,261.7142944,25.7857151,39.2857132,19,31.7142849,36.92856979,19.1428566,27.1428566,18.6428566,37.8571434,20.8571434
18.33333397,224.3333282,14,25.16666603,29.5,15.5,24.33333397,48,17.5,19,30.33333397,13.66666698
20.125,179.375,5.75,43.125,16.625,20.125,33.25,31,6.625,24.5,24.375,11.25
22.25,191.9166718,21.75,41.83333206,13.25,19.16666603,34.91666794,32,25.66666603,35.58333206,23.08333397,20.08333397
26.875,239.625,9.5,35.375,32,12.75,23.125,23.875,16.375,26.75,57.25,20.75
4.571428776,48,6.285714149,65.7142868,38,16,88.2857132,46.57143021,50,54.1428566,22.5714283,14.28571415
7.875,183.375,5.75,42,32.5,20.25,41.25,37.625,16.5,20.5,23.75,17
17.39999962,361.0499878,18.64999962,40.70000076,26.79999924,24.35000038,37.84999847,24.75,23.45000076,24.45000076,33.45000076,17.95000076
16,1263.199951,11.80000019,44.5,46.70000076,28.10000038,49.70000076,30,26.10000038,31.10000038,20.29999924,18.20000076
14.80000019,165,24.79999924,18.60000038,18.60000038,19.60000038,16.60000038,24.39999962,21.79999924,11,27,16.79999924
48.82352829,218.7058868,17.58823586,63.88235474,22.64705849,23.23529434,44.17647171,23.94117737,25.11764717,33.11764526,34.41176605,20.05882263
19.13333321,127.4000015,8.933333397,56.73333359,23.66666603,14.73333359,50.86666489,32.53333282,29.66666603,41.73333359,52.33333206,33.73333359
4.857142925,203.2857208,2.428571463,7.857142925,12.71428585,5.285714149,9.285714149,14.14285755,11,15,18.2857151,13.28571415
4.333333492,344.5,6.833333492,12.5,48.16666794,11.16666698,14.83333302,25.66666603,6.5,15.33333302,50.83333206,10.5
11.22222233,226.4444427,5.888888836,23.44444466,17.55555534,9.333333015,15.44444466,31.66666603,16.11111069,11.66666698,26.33333397,9.333333015
25.45454597,685.1818237,10.72727299,10.81818199,20.09090996,10.090909,15.63636398,18.36363602,15.18181801,22.45454597,42.72727203,15.18181801
15.80000019,193.1999969,8.199999809,18.20000076,2.200000048,8.600000381,11.19999981,31.60000038,15.39999962,14.80000019,23.20000076,14
7.625,67.125,6.25,12.125,20,11.25,11.75,30,17.5,10.625,147.125,11.625
16.23529434,240.8235321,6.529411793,26.8235302,9.882352829,24.64705849,20.23529434,10.52941132,16.23529434,14.4117651,19.47058868,16.23529434
8,215.625,14.625,15.375,27.75,10.5,17.875,13.875,10.25,10.125,29.75,26
12.66666698,248.777771,20,17.33333397,30.11111069,14.55555534,18,27.55555534,13.22222233,8.666666985,42.88888931,16.55555534
9.111110687,275.8888855,10.66666698,26.33333397,19,13.77777767,15.33333302,29.66666603,10.66666698,22.11111069,55.22222137,10.55555534
6.818181992,242.8181763,9,17.09090996,16.45454597,10.18181801,18.81818199,23.63636398,12.54545498,15.27272701,32,12.27272701
19.23809433,228.3809509,6.857142925,35.80952454,30.7142849,14.76190472,31.52380943,25.80952454,12.23809528,20,37,13.23809528
12.19999981,216.6000061,7,60.40000153,15.80000019,18.79999924,38.59999847,16.39999962,17,36.59999847,43,24.39999962
7.285714149,226,7.428571224,14.4285717,22.1428566,9.571428299,20.8571434,41.7142868,10.71428585,16.1428566,59.7142868,13.71428585
31.66666603,219.777771,9.555555344,16.77777863,13.44444466,12.77777767,18.22222137,9.555555344,22.33333397,16.11111069,26.55555534,20.66666603
5.199999809,190.8000031,2.799999952,20.39999962,13.60000038,12.80000019,20.39999962,21.79999924,12.80000019,23,27,9.199999809
14.64999962,242.1499939,23.35000038,42.90000153,27.10000038,22,24,40.15000153,31.95000076,24.20000076,55.45000076,19.20000076
13.83333302,212.6666718,9,30.16666603,12.83333302,4.666666508,26.33333397,25,19.33333397,27.16666603,22.16666603,18.66666603
40,159.6666718,5.333333492,39.5,14.5,8,18.16666603,16.66666603,16.16666603,6,30.16666603,10.5
25.66666603,184,31.66666603,31.33333397,16.66666603,23.83333397,17.33333397,28.66666603,20.83333397,19.5,43.16666794,13
23.5,672.0625,6.875,24.0625,31.6875,13.375,15.4375,29.125,15.625,19.1875,41.125,15.0625
50.94444275,52.22222137,5.055555344,11.33333302,31.61111069,10.5,10.55555534,24.66666603,13.88888931,14.83333302,43.83333206,17.88888931
20,197.1666718,11,36.66666794,29.16666603,19.5,29,27,9.333333015,14.5,50.16666794,4.666666508
9.833333015,190,8.333333015,10.5,15.5,7.5,12.5,10.33333302,10.83333302,11,19,15.33333302
27.7142849,107.5714264,15.14285755,58.42856979,29.7142849,29.1428566,46.8571434,46.57143021,28.5714283,20.7142849,47.57143021,14.71428585
25.39999962,233.8000031,6.800000191,5,16.20000076,11,13.39999962,20.60000038,14.80000019,10.80000019,48.59999847,3
18.5714283,194.4285736,16.5714283,8.571428299,26,19.5714283,17.5714283,83.57142639,9.714285851,25.1428566,57.57143021,24.2857151
14.15999985,213.8399963,15.96000004,84.95999908,30.68000031,52.27999878,79.27999878,46.59999847,56.63999939,88.27999878,46.75999832,46.75999832
25,137.2142792,15.14285755,78.92857361,28.4285717,31.5714283,62.2857132,40.2857132,23.3571434,58,73.35713959,33.1428566
17.79999924,97,8.600000381,38.79999924,29.60000038,10.80000019,52.79999924,31.79999924,20,40.20000076,45.79999924,15.39999962
10.090909,278.9090881,11.45454502,15.18181801,20.54545403,18,17.45454597,24.90909004,14.63636398,10.36363602,25.09090996,20
12.18181801,212.0909119,11.63636398,34.90909195,23.27272797,27.09090996,27.81818199,62.72727203,21,38.36363602,35.27272797,22.72727203
4.833333492,250.1666718,7.333333492,15.33333302,8.666666985,21,18.33333397,28.33333397,20,8.5,24.5,14
8.619047165,124.5714264,12.4285717,57.95238113,37.33333206,29.4285717,65.76190186,52.09523773,38.2857132,45.7142868,49.76190567,31.5714283
10.31578922,342.2631531,12.47368431,25.31579018,31.89473724,21.31579018,23.7368412,41.15789413,20.36842155,24.15789413,45.84210587,26.89473724
16,210.625,16.75,15.25,22.125,9.375,21.625,28.75,16.5,12.25,26.25,11.5
2.571428537,36.7142868,4.714285851,13,36,14,8.285714149,76,19.7142849,8.571428299,40.7142868,10.14285755
38.25,60.875,4,19.5,11.625,12.375,16,18.5,8.75,11.125,44.125,13.875
20.625,207.875,12.375,26.5,22.875,24,37.875,19.875,19.75,18.5,44,19
20.93333244,202.4666595,12.46666622,48.33333206,27.73333359,29.39999962,51.20000076,42.06666565,31.93333244,48.26666641,31.33333397,30.86666679
7.400000095,256.2000122,5,24,16.39999962,13.80000019,10.39999962,21,12.80000019,11.80000019,39.20000076,15.60000038
13.55555534,213.4444427,10,18.11111069,21.33333397,22.66666603,13.55555534,21.22222137,16.11111069,36.44444275,34,10.77777767
20.79999924,202.8000031,11.19999981,14.39999962,10,7.199999809,12.60000038,17.60000038,15.80000019,13.60000038,13,14
10,197.1999969,8.399999619,23.60000038,23.20000076,14.80000019,23.20000076,13.39999962,14,5.800000191,33.40000153,12.80000019
8.684210777,42.84210587,8.315789223,20.05263138,27.57894707,13.84210491,16.84210587,43.21052551,16.57894707,18.63157845,309.8947449,13.42105293
5,60.5,6.333333492,56.66666794,26.5,37.83333206,84.33333588,31.5,25.66666603,81.5,65,32
10.83333302,200.3333282,11.66666698,17,6.333333492,12,11.66666698,29.16666603,13.16666698,25.16666603,26.66666603,14.83333302
31.70000076,80,14.10000038,40.90000153,30.20000076,28.89999962,43,70.30000305,26.39999962,33.79999924,49.20000076,21.70000076
42.40000153,248.8000031,7.199999809,29.60000038,23.79999924,11.19999981,26.60000038,20.79999924,18,10.60000038,19.20000076,11.80000019
6.800000191,200.6000061,15.60000038,11.60000038,7.599999905,14.19999981,14,25.79999924,8.800000191,11.80000019,15.39999962,20.60000038
11.16666698,212.5,6.5,10,26.66666603,18.33333397,11,22.83333397,20.33333397,11.83333302,19.83333397,13
4.833333492,41.83333206,8.666666985,57,22.66666603,30,62.5,20.16666603,31,69.83333588,28,25.33333397
42.77777863,38,8,25.66666603,25.22222137,12.66666698,19.66666603,15.11111069,8.777777672,14.44444466,31.44444466,13.55555534
3.818181753,214.7272797,17.72727203,35.09090805,17.81818199,26.36363602,27,21.27272797,29.27272797,24.54545403,35.90909195,24.63636398
3,192.6000061,8.600000381,16.60000038,11.19999981,18.79999924,15.80000019,19.20000076,16.79999924,14.39999962,15.80000019,9.399999619
20.65625,203.90625,8.5625,47.375,27.9375,32.28125,55.4375,30.53125,29.375,47.3125,35.53125,26.53125
29.375,154.0625,10.9375,65.8125,20.8125,16.75,53.8125,25.3125,15.6875,24.0625,31.5625,17.375
8,247.6000061,3.200000048,10.80000019,16.20000076,20.60000038,14.80000019,20,19,7,36.79999924,16.39999962
3.444444418,589.555542,3.666666746,35.55555725,41.44444275,20.88888931,18.55555534,26.33333397,16.77777863,10.55555534,37.33333206,9.111110687
13.88888931,132.6666718,16.88888931,50.38888931,24.16666603,26.72222137,47.55555725,40.88888931,29.77777863,35.66666794,27,28.88888931
46,172.777771,8,22.33333397,26.11111069,7.777777672,10.88888931,31.55555534,14.11111069,18,41.55555725,11.22222233
7.375,44.625,8.625,67.75,31.25,11.375,72.625,44,11.5,74.125,78.75,19.625
6,178.1666718,7,47,24.83333397,17,43.16666794,21,15.16666698,35.66666794,17.83333397,16.33333397
23.75,138.1666718,28.58333397,51,23,31.25,65.5,28.75,38.41666794,43.16666794,44.33333206,25.75
7.333333492,217.5,9.166666985,20.83333397,30.83333397,17.83333397,17,37.5,17.83333397,19,9.666666985,20
18.5714283,194.1428528,14.5714283,22.5714283,6.142857075,11.85714245,18.7142849,14,14,15.71428585,14.85714245,9.714285851
22.75,192.875,13.875,26.25,16.625,24.5,17.5,20.25,16.375,20.75,59.625,12.125
12.60000038,226.6000061,10.19999981,21.20000076,15.60000038,17.39999962,10.39999962,29.79999924,12.19999981,10.60000038,36.20000076,10.19999981
16.79999924,199.8000031,16,15.60000038,20.60000038,11.19999981,16.79999924,22,8.199999809,8.600000381,13.19999981,3.200000048
34.59999847,120,6.599999905,22.20000076,25.20000076,17.20000076,9.600000381,19.79999924,6.599999905,14.80000019,31,15.19999981
10.625,221.875,5.375,11.25,22.75,6.875,18.25,14.5,12.375,14.5,31.375,11
19.7142849,212.2857208,6.571428776,8.857142448,23.8571434,12.5714283,17.4285717,23.4285717,11.5714283,10.5714283,32.1428566,8.285714149
13,65.80000305,0.400000006,67.19999695,35.59999847,9.199999809,38.20000076,36.79999924,15,31,32.79999924,13.19999981
16.7142849,210.1428528,3.714285612,45,30.1428566,11.71428585,32,33.7142868,12.85714245,27.8571434,40.42856979,23.7142849
4,266,3.25,14.25,17.5,23.5,21.375,27.625,25.375,23.75,34.625,19.375
31.30769157,169.3076935,10.38461494,26.84615326,19.07692337,18.23077011,22.15384674,19.23077011,9.615385056,11.76923084,45.46154022,12.15384579
13,42.20000076,0.800000012,57,24,15.39999962,52.59999847,50.40000153,19.20000076,40.79999924,72,12.80000019
10.16666698,245.3333282,3.666666746,31.91666603,39.41666794,14.25,29.75,47,15.25,21.58333397,46.66666794,16.66666603
29.83333397,185.1666718,5.833333492,38.5,22.16666603,17.5,37.33333206,18,16.33333397,19.66666603,36.33333206,19.5